Type,ARCH_1,ARCH_2,ARCH_3,ARCH_4,ARCH_5,ARCH_6,ARCH_7,ARCH_8,ARCH_9,ARCH_10,ARCH_11,ARCH_12,ARCH_13,ARCH_14,ARCH_15,ARCH_16,ARCH_17,ARCH_18,ARCH_19,ARCH_20,ARCH_21,ARCH_22,ARCH_23,ARCH_24,ARCH_25,ARCH_26,ARCH_27,ARCH_28,ARCH_29
A[C>A]A,0.00218713306394732,1.3134665523872994e-05,0.0013931450828354047,0.0006081128502654794,0.011225578106023938,0.0007780356069881227,0.0017793873068893797,0.0018467753612121242,0.005536518506485364,0.002103644254940568,0.0011208544901276055,0.013194661530125051,0.002985640381017196,0.00020743032317645718,0.00491423169698983,0.011594933677002425,0.0008351156601978212,7.305761571401446e-05,0.0010410680968807738,0.0022395586133127487,0.002251632840556888,0.05647927025467261,0.0030846615054417647,0.004758990321458424,0.00015432168709641537,0.02229405876703548,0.006698191831576884,0.009436078266536517,0.003642985236032138
A[C>A]C,0.0018597532748849048,0.00015069503896642726,0.00244056168905411,0.0001454105649243868,0.01763607937156037,0.0025046545065329938,0.002157246867616073,0.000740953232003682,0.005058870900131194,0.0009220633395646378,0.0005576484000883017,0.010411432725755164,0.05293360794519204,0.006536668847924851,0.006807068545759408,0.0021154187055254614,0.006346004978220157,0.00018030235924721232,0.00205212081736354,0.00047204970895233547,0.0007470192888848136,0.04474458650771943,0.0022104956288199877,0.0011142572685530576,0.0007680167847912981,0.01357854779900224,0.0013814961541311174,0.023823618400733042,0.004043945409484759
A[C>A]G,0.00015234259785717297,5.264184716761184e-05,0.000551264763515234,5.9748070944221876e-05,0.0008385469739195738,0.00034934491879683394,0.0001938736985307569,0.000268101787798351,0.0011462122783713563,5.37873474213942e-05,0.00015896215691179482,0.0020787526126881464,0.0002079377300543555,7.127956780181517e-05,5.914477238823707e-05,0.0007503913181240029,0.00018718739950676793,7.133771362568166e-05,0.0003357248241221764,0.00016866161889486148,0.00014707340630976088,0.017963451730390326,0.0004105968003459386,0.0003658646697226259,0.00025133373570624854,0.006291379101859092,0.0008384946787624698,0.001614087601935603,0.000564851439530142
A[C>A]T,0.017535733177532216,0.00010112714004254643,0.0015178871396142987,0.00046694205064658646,0.014547669626559831,0.0039492023558895615,0.004844589879874538,0.00036964211932156407,0.004006317382426712,7.627537157524723e-05,0.0003688908894869549,0.00912702460565651,0.00016290027052415153,3.056354868581346e-05,0.0012738742475361074,0.008031822302750962,0.035612512720189234,0.00024930274142344604,0.0007409601778007611,0.0006838895435057409,0.0017908240691500148,0.03211280619010324,0.00188568753715371,0.0019859370047455253,0.004029371188088451,0.01444156715439661,0.002697362607878708,0.009211488443312127,0.003924588146085355
C[C>A]A,0.0032866231021437217,0.00021218434759111306,0.0008242180485749838,0.00028982863693286523,0.013424697687051847,0.0020111922284928156,0.020764802742193368,0.0014141981716335262,0.0007493273902619334,0.0003590866625741753,0.0009070975964194818,0.3776177477783795,0.008279644242274325,0.0005443759780391794,0.0020183487555969887,0.007647224591881875,0.028877715367578664,0.000456518309900451,0.0011197562512743015,0.001073985826778811,0.0012138037046999655,0.047278333812510814,0.0026868911232181014,0.0002443170888884357,0.01432311872680389,0.01907533455482005,0.002773320614244669,0.014383119982698969,0.006436405603745774
C[C>A]C,0.0003496901014912892,9.746917284035151e-05,0.0020675157708294274,4.8873803915526424e-05,0.015199938252758727,0.00010885340117596987,0.008590319122256003,0.000978622108186665,0.002085358143033866,0.001200543387609485,0.0007221487898581894,0.0697194239586739,0.004609154242577629,0.003189394192470416,4.424069334418223e-05,0.006620880165919165,0.06616967615741691,0.00024074173160435616,0.0028938362084665412,0.001333505874561317,0.0004693450701963327,0.036293139062456854,0.0019077137479171613,0.0029256799486895853,0.0031686398947830467,0.014174111661222183,0.005317866977417151,0.01570408497060196,0.003618549570560502
C[C>A]G,5.657906393026609e-05,2.8394893956621246e-06,0.0013248012500204644,5.652538756828163e-06,0.0014721752601280036,2.8477404791807375e-07,0.0005665947657342737,8.334675840680203e-06,1.323726338696189e-05,1.4525508142621844e-05,0.00019923190039567343,0.05072357042218964,0.0023357117833486306,0.00014131792510478175,0.00029476167209737704,0.00129115884188921,0.004928856861218276,1.4075763389383761e-06,0.00176156372340656,0.0004098942834731012,0.00022284608817887256,0.01510043270105349,0.000371492372471827,0.0018073672321557723,8.655499047689301e-05,0.00543723298020026,0.00021316994652854915,0.0006855938717805429,0.0009608303393705743
C[C>A]T,0.01917354756948266,0.00042069643352310844,0.0003019687034665778,0.0001939699915543504,0.021754892917135286,0.0002037509278417458,0.028150500700049756,2.6780543542302077e-05,0.0009509421807039327,0.0001491692241638397,0.0002308704819866009,0.18275307405854782,0.0033439455214632698,0.008323049030048582,0.0006280327166185768,0.0018221201181906686,0.25721564292237103,0.0003720969413884595,0.015160101072405237,0.001267211678629688,0.0010637364518189213,0.043112500283469274,0.0025970370212142348,0.012766269444234792,0.00013115469256382955,0.013767977575830459,0.001519839502878902,0.03836565960080613,0.003531738105939412
G[C>A]A,0.0012194479113039878,9.229255347637633e-05,0.0019344229631280162,0.0010262584368700312,0.007312569642849556,0.00025578339700374286,0.0021578255886326387,0.00095286790999832,0.0012923509449640088,0.001785258410628537,0.000647110340836279,0.012267503714523132,0.003641548254478676,0.0007496478516533889,0.0027782696644184455,0.00836534849973424,0.0071957096688147395,4.375976586616903e-05,0.0020482123180899548,0.0007878645366157955,0.0009771398360705087,0.08864921685268701,0.0043639561380276505,0.0012707789469399353,0.0001921635811285439,0.007029407522027373,0.0026864626365781896,0.012528796004283962,0.005008683942374671
G[C>A]C,0.0006078393363277289,3.446456416308635e-06,0.0006092471231704225,3.033127300822494e-05,0.024518676449956235,0.0010100338554125533,0.005731482792386775,0.0004545273532543866,0.001531747382168061,0.0012712816919211401,0.0003703407548061648,0.00665506645860313,0.005896224699594865,0.0025570202812051947,0.0004700354866995173,0.003045011254691557,0.01276576540612287,0.00013936338125028884,0.005528248193920289,0.00026998499035430423,0.00042261440948451485,0.09918800524801871,0.0009654879803685914,0.0007168320433818485,9.50758143534846e-06,0.006783523854974898,0.002649838223577511,0.027023382932479724,0.0038940704880000322
G[C>A]G,1.8826183775312607e-05,1.3821564832181112e-05,0.0010678323506135977,9.277280092993773e-05,0.00044259191370261573,4.5860667083547185e-05,0.0005709932868205451,0.00016442409936844992,0.0002466110068999937,0.0001103987804886979,0.00017524745876952086,0.001551041034811619,6.767652012704805e-05,0.0001088992335750006,0.00023124458690342036,0.001131430070833304,0.0013871560626292862,4.23937261322898e-05,0.0013880168938351079,5.919334321552142e-05,0.00012397296475270998,0.03364625679778123,0.0003396634040620314,2.7506174708227158e-05,2.4707633652228018e-05,0.002939371351345368,0.000553764476783188,0.0008867989131326864,0.000560492045877563
G[C>A]T,0.011993906707159873,5.692494487426478e-05,6.59799391991482e-05,0.0005673951037586718,0.014365792268080622,0.00019768437353860806,0.014415292487281853,6.961615617842191e-05,0.0011488726041020253,4.683119170090385e-05,0.00018748572642850644,0.009257404028799213,0.0012897368460323276,0.002796005204472341,3.427183661253621e-05,0.004989815585281946,0.054674234914146504,2.981156766741114e-06,0.006861072269116109,0.0002858444737776272,0.000414562952701978,0.07695981668176892,0.003162940205329052,0.0004607362937976124,8.707175730094012e-05,0.006470585468155616,0.0012302104388721325,0.007205866159546187,0.00818798697522844
T[C>A]A,0.09351661376643085,0.0006402499755725584,0.0003098489241007621,8.249633913084373e-05,0.24991166255338182,0.014152830599858739,0.009445007298244696,0.07885152968617906,0.002521979196943343,0.0002311414847578399,0.0016577767407375194,0.01800691122407213,0.33364360222666206,0.0004564308120413083,0.004215048452329664,0.007845682606708815,0.0011467824484835817,0.00039143184027041187,0.00183922868424871,0.0024891648491450835,0.002058989265376944,0.04171074280037948,0.011770296304822209,0.0024422134989690873,0.011234384508320457,0.011792038725992288,0.0013243193698068369,0.0025140063271446803,0.008371437022538052
T[C>A]C,0.01010191671461033,0.00017073604264745919,0.0026528502004943104,1.014981411792363e-05,0.019135488314187318,0.00047525921150961203,0.00319039193074673,0.029345695573156878,0.002899115868651787,6.137393328047997e-05,0.0009688936193332049,0.011970243640722905,0.04531081486983852,0.003802456556160635,0.001193613349824518,0.004880549352562333,0.012234625736382582,0.0006352500385276642,0.0007707128221275437,0.002905101757242413,0.0008025617446838076,0.04391065706834532,0.005057401016969297,0.013465752105249092,0.007625505214904342,0.012951915597693068,0.0023608128873675543,0.01201752907976727,0.0042602355957099755
T[C>A]G,0.0011540559320462104,8.539493747719647e-05,0.00019607321884873628,9.659358590734594e-05,0.008204395438675656,0.0001344027842804368,3.8236936734040946e-05,0.012073692656886681,0.0005659162151188031,6.2695569334781844e-06,0.00021693029937181987,0.0024926855239823303,0.31797250148765244,0.0005807057318755656,1.104294817124447e-10,0.0012265862333515464,2.9903318787657027e-06,3.4599646051164414e-05,0.00015631144867045947,0.0002595470557857049,7.755505293104233e-05,0.015476705405647972,0.00135527236350553,1.5487068786372187e-05,7.522856871213765e-11,0.0022584624855267665,3.32138267369735e-05,0.0007946292744682238,0.001230262637906744
T[C>A]T,0.66767596029682,0.00044215662071542505,0.0002610667308010425,0.0026733835407081468,0.3354877882246057,0.0006752325244789171,0.006705556995748604,0.035444738192910025,0.002370896525676243,0.0003140487125909066,0.0009778766701285667,0.028009021658459567,0.07675112457853171,0.08140574113090321,8.81290893773756e-05,0.009266763593822848,0.06430562475607882,0.000613767004060886,0.0005195280449419844,0.0012733274018529488,0.0014860221455344096,0.037402914458690414,0.012665817624677953,0.003866406982669352,0.00022640341335027523,0.013338897214603414,0.0010853854133367265,0.006558688890743745,0.008896992541471985
A[C>G]A,2.235231224794744e-16,7.464996690937467e-06,0.0022466356960565204,0.00016544380298274942,0.00025670729284736637,0.00015819170633363532,0.0030385966819297867,0.0038850097510999175,0.0008447330752999911,0.0010141819581957847,0.0020608790498482694,0.002747472583182914,0.00024627773427575694,0.00032692790445527,0.0009428278572315562,0.001293385225890623,0.005129795570135742,6.843822137183018e-05,0.0002697289838023953,0.00021360629154084634,0.0005517415534109113,0.003181824818717253,0.0013989374772889853,0.001296786807366908,0.001295471650584616,0.01975554399073579,0.0017286843123058698,0.00744633941301575,0.05218025782526103
A[C>G]C,2.421800111198104e-05,0.0001355075925694436,0.0013978388835228907,5.1330559180493906e-05,0.0003945423262451225,0.0002708457988896144,0.004246273148997408,0.0009633161641363216,0.0010903769334015883,0.0005707934905450603,0.0011710952327099401,0.0015982220046092527,0.00012740113489531226,0.00014501286212376103,0.001171829249499311,0.0024613669737161238,0.0008856785812949319,2.316106931966147e-05,0.0006927384062263944,0.0002436588323038584,0.0003039991213158631,0.002895340449014783,0.0012895866557758196,0.000494040635014493,0.0025528580039291763,0.008907886952069007,0.0002871707860173765,0.003434391619871908,0.07405961087146569
A[C>G]G,2.9520400292226526e-07,1.6028168016182994e-05,0.0020039974080864513,5.611279349845571e-06,6.22929600824846e-05,1.320216849702908e-06,3.687250591045212e-05,0.0002677583066806166,0.00031419951309122194,0.0001512822912191718,0.00039796285100514225,0.000645095922007044,4.809181065278443e-05,8.847439242531853e-05,1.168493848398674e-05,0.000606496358338455,0.0002908444060074832,5.1126024297531785e-05,1.761922091164679e-05,0.0004353507516725683,5.4463766990850365e-05,0.0009140173122043629,0.0002509016367256607,1.4006967897384063e-05,0.000897884625360629,0.008229782320264344,0.000233614417394685,0.002505436012748378,0.005648074842164976
A[C>G]T,1.5401947969191917e-06,9.578529331393171e-05,0.0016797669953456061,0.00034429855214310624,0.00024138797898916783,0.0001372048176805817,0.011778473314028872,0.004028149161374191,0.0018891427276001072,3.726477596424998e-05,0.001382533281089443,0.0024573817921276294,8.420130227781753e-05,2.8047957867578825e-05,0.002338633378523281,0.009254769728970859,0.002671532278295657,9.788905025174276e-05,0.0003601826401128147,0.000372596872825844,0.000991729851949324,0.002600971142135203,0.0012943577923539358,0.0023613777818874454,0.003103844023265789,0.016730166641252625,0.0002553013871488057,0.00487538656789691,0.0883984568804335
C[C>G]A,4.610924114245287e-05,8.860323175183198e-06,0.00044098353907005047,0.00019698586573270067,0.00016860061480695776,6.881459123193234e-05,5.1484011256735755e-05,0.005606578128018955,0.00046564734922469335,0.0005636328274256062,0.0012060911278050695,0.0017711757323757606,6.852395893016202e-05,4.9346697629189055e-05,0.00014984335652139764,0.0037321522635733596,8.109282031657118e-05,4.392191523979812e-06,0.0002926015591231979,0.0006171698318415471,0.00035470319173602305,0.003098641817913453,0.0014870010146621582,0.00035886956711795155,0.001319655170342595,0.01433581608249043,0.0011482988429081702,0.002400593557030562,0.021840826727322803
C[C>G]C,5.934279954201303e-07,0.000354551840452044,0.00027907742515285836,5.2786140799627124e-05,0.00021775165125963232,8.908746569584575e-05,0.0013105704594485142,0.0006551054501271828,0.0004516159566743482,0.00024351063404746463,0.0012610714458315291,0.0013338084176644515,0.00020422891233803635,9.63517354356104e-06,0.00012081132609484475,0.003558756357699053,3.575972537014921e-05,0.00013341495231969694,0.00039718148398882106,0.0009326578289785194,9.331374584243358e-05,0.006029864194704474,0.00040948011456823905,0.0021703337789415775,0.0002848881333711523,0.012734523051490053,0.0009229933383460494,0.002709725641476456,0.0575221826454622
C[C>G]G,2.0140281937276565e-05,4.926239066228467e-05,0.005647708233803151,1.8030360853584362e-06,5.8300940635747205e-05,4.484372937217841e-07,2.576340950700359e-05,0.0004889846192666879,0.0001360046094198414,0.00023162925695671636,3.107469664504905e-05,0.0009896592918046735,5.409547945313275e-05,0.0002481074500253978,0.00018627291786298955,0.0010473755450436332,0.00011803310943294094,7.772121669924437e-05,4.3338749687591294e-05,0.0006654525381527891,1.9358578915699104e-05,0.0012363841773123017,0.0003147607217592868,0.00024853960864024057,0.0012973365778760333,0.01212209827726164,0.00024215516304986807,0.0008598145987260179,0.0038761423868599117
C[C>G]T,3.1288270110405684e-05,7.035728185574198e-05,0.0005940172380885156,0.00020480660203224478,0.0003695809854788929,3.817377597062327e-05,0.005076982292839185,0.006401946495441093,0.0006102704288732912,5.794397030060746e-05,0.0021619203130976124,0.0013430487923037026,0.00010426907575356174,2.7731421410431903e-05,8.51230161846197e-05,0.007635228254424753,8.108840654921251e-05,9.88885332047867e-05,0.0004643244290513035,0.0009196611470354449,0.00032261666575462907,0.00617673479269742,0.0006625931131433008,0.004094079161371946,9.127027793858665e-06,0.017032123502061826,0.0005725345455223141,0.005859549836891835,0.04028600592953518
G[C>G]A,1.4922445839142359e-05,6.86239254109291e-05,0.0001708649673412086,6.529557780985215e-05,0.00016264103098435973,0.0001832962463564858,0.004732457962125839,0.001506081896604544,0.0006494252214848252,0.0008754706994436542,0.0008463171019752859,0.001254167241911799,3.910738199423225e-05,2.4709554820788572e-05,7.671883832908948e-05,0.000772823111000831,0.0003913150782692276,2.1332074531934652e-05,0.00042457320702071993,0.00014095732599034215,0.00044745566519960073,0.0023706253213575663,0.0007671526311909741,0.00022467017535706264,0.00022261218996676667,0.0086271573945248,0.0014434709870246388,0.002130473991037194,0.007010036412167388
G[C>G]C,8.2997263844413e-05,0.00026131324244650753,0.00022928457686413747,6.697655515673436e-05,0.00038120518722745594,2.2546388618304807e-05,0.0064115759613399105,0.0004903554291415362,0.0008726966604709199,0.0008295233811343148,0.0008790826370504337,0.0011414806984175391,0.00019104322723481412,0.00013911401831676162,0.0003281370536992596,0.0026424638507576603,0.0016911749118799675,3.40023364969023e-05,0.0011696496520800053,0.0004164578367933786,0.0003154112983230816,0.002680818010712187,0.0007746010159579567,0.0006606368997596472,9.540919472651496e-05,0.006940185565783671,0.001168335591067327,0.010173757398056043,0.10259940293405
G[C>G]G,2.235231224794744e-16,8.162659935054612e-07,0.0004943061212931857,2.149615104011545e-06,3.049911190795436e-05,6.707330134745767e-06,0.0006459253429816198,0.00024289169881606433,8.063563089409475e-05,2.4627106531213938e-05,0.0003856880228085993,0.0010506410826180354,6.411563423420378e-05,1.5741701385490232e-05,7.417304041866857e-07,0.00020520638904420312,0.0004047683619765538,4.539185963929602e-05,0.0001114847076587595,0.00029623420195903845,5.072134129931672e-05,0.0007990138211569655,4.704804084046693e-05,0.00018621219037984709,0.0005358351096715756,0.003409091390688983,0.00022007726437274852,0.00048394711988676125,0.0014768954029233052
G[C>G]T,3.582323513220941e-05,0.00013602753874693743,0.00027808612875325554,3.535931178424746e-05,0.00042000596403698825,8.23297300028129e-05,0.0291835152361833,0.0027091267290592657,0.002965551199355871,0.0007847136739985409,0.00020673394857410835,0.0009454896019533375,0.0001595589693699917,0.00012569679460882417,0.00011439503512446588,0.004039311479664337,0.0018003904130612519,4.327488540362048e-05,0.00027025986146845643,0.00030197981162469954,0.0002900024987795924,0.0032386871716785183,0.0009240099309790284,0.0014992702289841771,0.00092642178784389,0.010055819892511735,0.000616340113033354,0.004393216158132285,0.014032557385669147
T[C>G]A,5.5361784102344814e-05,8.86032317717399e-07,3.952862793022275e-05,0.00017052261609821391,0.00041014687852126107,0.00013550008358572812,0.00019762806176653526,0.31633270561359894,1.1472317913841204e-05,0.003721321072519727,0.0012064804690417143,0.0026752151344812207,5.589008379193484e-05,1.8453758051768073e-06,2.6839449143873232e-05,0.0018305290778111057,8.377593005261378e-05,4.392191525979372e-07,0.0007470225563304211,0.00023077122265543167,0.0007102070396953755,0.001041312710720732,0.0128621959653359,0.0018619070772976348,0.0036915131839660555,0.017993002963984154,0.0035638658043647188,0.001581863341542302,0.04169429309160049
T[C>G]C,1.1324961742636795e-06,0.00010502201344762917,0.0003677408970091566,6.98293379047211e-05,0.00024094136640435263,0.00015005945374508883,7.468072927665738e-05,0.06337829710418542,0.00043044523233997864,0.0007343944939851428,0.002111345638164855,0.002231290998693643,0.00015749455038815513,8.198207676112742e-06,0.0001881725233732758,0.003793323315664204,7.984938463003143e-05,5.4182722078232775e-05,0.000818532895484521,0.001505839928133716,0.00035851659747391536,0.006507228456742871,0.0024901010195876668,0.004411712008922227,0.0006128130270421395,0.016085608825008067,0.001562669563086197,0.0034444367098218696,0.046615907599951864
T[C>G]G,1.381645334550351e-07,4.170703894210356e-05,0.0016799217000575328,1.7111064117779224e-05,4.0675099726280916e-05,3.298353545957215e-05,2.927787302736638e-05,0.013771329796805514,0.0002370928843686319,0.0003785316208588163,0.0002849052228786603,0.0011107912856512415,2.629404308224066e-05,7.535991477963118e-05,4.704923264535114e-06,0.0004652070747132069,8.025999459612439e-05,6.700713797283407e-06,9.391939448998727e-05,0.0003160331641207897,6.495509991821067e-05,0.0010123065828720637,8.072004629705648e-05,2.9382744238963352e-05,0.0008607151243117037,0.005784326365873359,0.0003743393057548907,0.0003677565206080994,0.005032454946814673
T[C>G]T,5.664176169466213e-05,0.0011741019278958477,0.0022571801384695966,0.001517827505068409,0.0007247979925900698,0.0002359145719068752,0.002307624856848927,0.36825202825257963,0.00048129123302450975,0.00031779346625166897,0.0012077669157496518,0.003947672026495258,0.00028052406316345985,7.973675431441213e-05,0.002268051296803689,0.021432232142295605,0.0007906950303700368,0.0002806743098111905,0.0012177129264290781,0.0006008055785805596,0.0015588920258800883,0.0013017372682432736,0.01988944935665682,0.011921035290845473,0.00020151494914955455,0.025341121358563243,0.0006015864077156847,0.00747649206585027,0.10628545537017972
A[C>T]A,0.0011282425952345175,0.0008002782604810316,0.024244155998182998,0.0006023639330245882,0.0017148699441699863,0.0008972553497429518,0.0350490232733884,0.007187910208194549,0.04148336731919975,0.0012751624491603105,0.02621924250857593,0.003521951686410346,0.015750814716374177,0.0005748086645738015,0.003468387738625875,0.004073809966529461,0.03407412558414216,0.0004882872948857757,0.00285423269258376,0.021617329875286775,0.0007512038507417735,0.006823743532151264,0.0052826788134718305,0.0015792754101510923,0.0032968347194306225,0.029171217994536147,0.001854081909658594,0.01481410963676552,0.008804902979836054
A[C>T]C,0.0009059427310417431,0.00200290048227543,0.006201419274757394,9.240944636005644e-05,0.002061331361854653,0.00334802693431291,0.021619194994835843,1.3497075627991677e-05,0.13888750648672726,0.001717756407472408,0.038211815515007415,0.002178856076051897,0.0012190509264024773,0.005246993892611097,0.003656417035338453,0.002750547665473382,0.011869898844436486,0.01796838109424742,0.003527839265428164,0.04839595184167162,0.0003175227067956903,0.00604942716918304,0.0021391202460600742,0.007295390771397476,0.0014030340371109097,0.011585407546546123,0.00030354772251554765,0.008304947749127456,0.0022081458041726568
A[C>T]G,0.00574127587901506,0.00013297898672270911,0.35298276875390644,0.0003040381254016505,0.0012178773062018443,0.007123223052800899,0.03990196686730564,0.00034927261121485865,0.014369797838155764,4.053616401882718e-05,0.004138261010871528,0.0051299715065288385,0.002236993118504606,0.0007641737551752619,0.00012727647524321154,0.005481251666405293,0.018972133916997133,4.9801226726293366e-05,0.005923943672890252,0.0032220665447667217,0.00018359691506582567,0.015146066881296888,0.007146923909885959,0.0012300915629359858,0.0011968974700246801,0.018088970738590417,0.0013865641338872872,0.006282625373353143,0.02270814337688869
A[C>T]T,0.0030960954599492142,0.0020539196887803726,0.009728597275223638,0.00017324800410748866,0.002655689276044719,0.005013575168339938,0.025509624101203332,0.000334620234370249,0.11828421022615437,0.0007585469339207771,0.0363651461343385,0.002466392031245787,0.0023305214644343043,0.00794084281867056,0.0038977274456061303,0.004378601589695297,0.014404078402602473,0.007502777495691884,0.0006173145388022011,0.014428275075515083,0.0006774727637604048,0.003731081563546693,0.0030712726612011514,0.007209037772260517,0.03240228311073091,0.021722931887675146,0.0008218705425341668,0.008384638276198607,0.005225257037881057
C[C>T]A,5.722116415959856e-05,0.005063052593314801,0.002411076858587166,0.00048522614114488707,0.0013427283939407778,0.0002964605374270243,0.012653432866319453,4.241621693652595e-05,0.007669238613006498,0.0008939020510818908,0.09925473442329252,0.004354271855750516,0.03657203714856335,0.00017480795580405496,0.004674314471710422,0.005399225136303966,0.007353260711900284,0.05025539795783093,0.0023949862315589504,0.10812684466795543,0.0006582111653295857,0.007106212573585587,0.004558077213582988,0.0026112869454118365,0.03499919731156646,0.009668922845256023,0.0012775583688695487,0.034474165105697625,0.003983304409295258
C[C>T]C,1.0418964801412742e-05,0.0008876338603557792,0.0007528085340241825,9.483114000429718e-05,0.002530777919391996,0.00020980424836412615,0.02123401674539236,0.0013576363679959548,0.10089582939597057,0.0017044815268223718,0.12742601727595668,0.00482313992578318,0.0002824296303816541,0.00010740123911211258,0.0005111303527518333,0.0020336862007083595,0.008186891219901923,0.05551793605172844,0.004126048883036863,0.16767339246219856,0.0003272395413536473,0.003502858524742684,0.001550257860462126,0.005645152670888066,0.002560831255438127,0.009835615827689922,0.004037884790854062,0.14917925416123845,0.004770435609593037
C[C>T]G,8.757970412617689e-05,0.002871576819290825,0.19705892236132574,0.0005679045160808515,0.0009450424415526598,0.0025341324883035653,0.01442116947304871,0.0020048802591592562,0.0033397077248888732,0.0018798818646111786,0.015251128268662593,0.0035019926609388937,0.00128429003197908,0.004229945863151783,0.009209956716095521,0.0004938852431895395,0.014550682559003611,0.006751322662890057,0.004918741173646221,0.02118944666347708,0.00023686463161494564,0.013099207579079107,0.005855123282648113,0.00843599385825572,0.0025936116629846346,0.02108564226741176,0.0004681545436542911,0.0071758347679120585,0.006052539513472204
C[C>T]T,0.00011273542673999677,0.0017641383320089624,0.0006158198441979672,0.00018130820202749232,0.0027735634089897493,0.0033391874798626834,0.024374884868971238,0.001465171739696518,0.059592646911695406,0.0017630735901724786,0.2227979820246604,0.004258373213240354,0.00123053732535161,0.0006135855102470955,9.944910071613745e-05,0.014895566852822149,0.00741804096255569,0.05661824714957115,0.0009806099842572182,0.11123237491207338,0.00040367947783150575,0.0016416035776199243,0.0026901627597288084,0.019623184399441346,0.00017986459703556707,0.012133232175601473,0.002291534710174724,0.1268492083575176,0.0027242148759672007
G[C>T]A,0.0001710863781349639,0.00034673863133534807,0.004318605926505002,8.967904330118213e-05,0.0013430953769399475,0.003228826174157653,0.08322680942030343,0.007180386754676184,0.02311446949210363,0.0016778156248942703,0.05872645460392742,0.002395144805985233,0.01129721876548019,0.0003675123675064255,0.00025161500234341887,0.004971226230339441,0.031906262716796405,0.0002565711028961344,0.008136232424738704,0.010293112453626706,0.00047619413698165344,0.01530258511536698,0.005323426718033239,0.00019305032395516307,0.00037524795675249287,0.007303897313464895,0.0024001304175276872,0.00691519962296623,0.004813558155745353
G[C>T]C,0.012496979324485116,0.00042570284977152504,0.00024965117504104105,0.0001833770314616384,0.005475259281053622,0.00019544470857659683,0.11725384141774263,0.0009326214684026773,0.09765563867268029,2.259523488840074e-05,0.08104719550755901,0.0029830611866594288,0.0001373924928401732,0.015069399785913684,1.3405559285643832e-05,0.003848072046384149,0.0345645143394953,0.011881706959240833,0.015611029770866392,0.03313638312867985,0.0003484903136101499,0.016940192224957545,0.005152747164211793,2.5042518944183688e-05,0.0001869207791516682,0.007533022749186248,0.002011074421588618,0.012653153975261334,0.0034670807043265597
G[C>T]G,0.014823107826390023,3.655755388746626e-05,0.2074237980800466,0.0008715605993178624,0.0024207453139458027,0.0003032989483733824,0.14779190569769513,0.00020159716672868056,0.004118417497589625,0.0015934484137231648,0.006498546412898792,0.004434219683371975,0.001200376349145824,0.01261926117868188,0.016277840008111243,0.0024101918484255988,0.01199907963545057,2.3628309958658978e-05,0.00033602948051405574,0.0011549422130411652,0.00021505031198617325,0.0200795808197849,0.00586113251655224,0.00020658204487708783,0.00015640936149494033,0.004738711945587359,5.855525589859807e-05,0.0020828102298416818,0.00778794385868855
G[C>T]T,0.01350947598740957,0.00017360199583719803,0.00012574318805258375,4.414756547152584e-05,0.0024412182372035933,0.00014932327465818328,0.11549062837886748,0.00127919857345268,0.07041648141869021,9.843147558929523e-05,0.10891044835219311,0.0032119096515935254,0.0001567643159258626,0.031823568644700255,0.000619161895389297,0.005762615922145103,0.023795844257747133,0.016120954966200283,0.006905559772696421,0.007795083172099472,0.0005291720024725289,0.008952375691782739,0.003950828723064,0.0009463698768491421,0.04143156803097389,0.008471233199834024,0.0018562415078946974,0.005781223170026633,0.007261242693465378
T[C>T]A,0.00039083458818236106,0.5336591596210408,0.0010511144625837245,0.00012522885582501073,0.002032230817389051,0.004801732196964894,0.013378577949260832,0.006937460457468228,0.013091785677632526,0.0005947553484387506,0.03386526652256167,0.006423296650670481,0.03641970929461142,0.002723126998668684,0.0019184463010383148,0.004774776047657855,0.006215513744448395,0.23774379135603813,0.003979236848777129,0.024294536297702393,0.0021448295150802788,0.005451813867705538,0.014568831203519622,0.0164499924420832,0.0002754183199151895,0.007060070650696341,0.0016660834243377453,0.006645414720015832,0.008232898316692489
T[C>T]C,0.0027467643809074476,0.09768582256970205,0.000416985481862173,0.0006320681247835583,0.003837068869757014,0.0040935121296542636,0.015210676215170034,0.004490918456967328,0.12637771479778065,0.0001223919754401096,0.03183555696968192,0.007236079029236363,0.00014606170900508474,0.048395268889086455,0.0003646161141078544,0.0027380968448278108,0.005433327995716802,0.3306357421946859,0.0006867818487060792,0.19720803539482715,0.0010214742195013172,0.0031745180398414174,0.003166530990489234,0.013025883132630214,0.005606276716273561,0.009222074051018998,0.0014212880468933403,0.022399690374399216,0.00791066120289199
T[C>T]G,0.0028157407903861456,0.04405314394855892,0.10779211697671633,7.562586256809427e-05,0.00520915644348762,0.0018316153243843258,0.010532088159970377,0.0012131306358825842,0.0023426008829808853,0.00017617725822102967,0.003823349153712414,0.003433352179654632,0.0020514824077694743,0.4360676358817639,0.000296730157029523,0.00444352580864901,0.0037911755410217148,0.07396554713822684,0.0003736873789508661,0.04944675521516733,0.0003414636061421294,0.011464022926634445,0.003839751867156867,0.00029681149657100937,0.00172192714627563,0.008806393868443339,4.536578817606795e-05,0.0069846273124984995,0.013018636056223982
T[C>T]T,0.02268482811633705,0.29867342785347323,0.0006766729502109975,0.0009143047167116179,0.008265708142100325,0.001981564718599698,0.007630332994797341,0.0014446765677540877,0.10405875411317088,0.0004202017832713911,0.05009718507719198,0.006596581931777391,0.00015459725758751707,0.1277081598280614,0.0018571402848491059,0.01601001410479616,0.0001808746791591836,0.1069140068819663,0.0013436003659364408,0.09296161262254019,0.002812844973981555,0.004390509944409987,0.008960791010628131,0.0034712955649636077,0.0498415597085986,0.009689715516220594,0.00017251280185638326,0.017385732674413422,0.01231760978274442
A[T>A]A,5.506600130088207e-05,9.78913713391236e-05,0.0013688905520800744,0.00011477402255412462,0.0019379393850858229,0.0007209069653843714,0.002251673388139136,2.7715728561932892e-05,0.0005331945234440975,0.0010632210668816734,0.0005077902611851607,0.002088160741373913,0.0002193468040206122,0.0018439590459501316,0.10347224385598645,0.028554160794233095,0.000557805546646335,0.0019364043164328477,0.0037272049705940205,0.0020919386850332443,0.0611253399937273,0.0008800242850122328,0.0008783269514444145,0.016696305157539705,0.0021963318262788307,0.008912403311080664,0.06267305392293387,0.00732117825073501,0.0021212777926372457
A[T>A]C,0.00019580555669782728,0.0008757874224877842,0.0021535430840746933,0.0002995944558576201,0.0030453476761899572,0.0007456735481787034,0.0009206001512006048,8.046286947290859e-05,0.0005497236257831775,0.001019821379519677,0.00016474111526999446,0.0019629261993414416,0.0001715643994065177,0.00033815251656504024,0.04363025683043915,0.011497996845499138,0.003192881847429954,0.0006696837822119499,0.005011162996038252,0.0004550971975443522,0.00038255174063899086,0.00205513272533472,0.0011743336669489352,0.004294844182048663,0.0013069083049121937,0.0034746183863396535,0.007271008378578631,0.0063348431512633314,0.0037331415316937478
A[T>A]G,2.672690970961779e-06,2.9807199630109587e-05,0.0013165219342943818,7.685100882863018e-05,0.0007983002732921358,0.00016024041182828317,0.00029507414733617607,0.0006028470140716369,0.00020078347911683017,0.00023656354022966075,0.0007423798594394619,0.0012270779700400357,0.00016452575992350433,3.443090223876492e-05,0.03430284434236163,0.006555629484323705,0.0003267489836411201,0.000587738641362171,0.0008265828719040799,0.0013899097267369186,0.000380102932925874,0.002365474081763122,0.0006961859978827241,0.0009148349539445463,0.004032310129066761,0.008284181444906434,0.059475303030146295,0.004343271042833376,0.00238401457250956
A[T>A]T,0.006639533405391643,3.4185498866241386e-06,0.0004331793998701459,0.000708700828868479,0.020704022670459645,0.002241761684210225,0.012939439081546407,0.0006399943378192178,0.0005917979063103997,0.001479160817616974,0.00048042992082059506,0.0027426281285735155,0.00037883847357937525,0.0028549355005775016,0.3098961894405917,0.0185454793174183,0.01575546172205056,0.0037024175415653056,0.0019095510553172501,0.006825951080158521,0.023424692756572836,0.0019828080498629245,0.005051141613958268,0.05131512407748205,0.04169597731222642,0.005616469478291968,0.0029471473145420662,0.004783474341431321,0.007179316143252537
C[T>A]A,1.1702460467318663e-06,0.0002431217946056495,0.000556929958653637,0.00011302619978231646,0.0012152104678279498,0.0001424735629981394,0.00022606698579748298,0.00023683756835225789,0.0002175742878675176,0.00043606717898080505,0.00022821797960997803,0.0010719449847754817,0.00031906965027932,9.482090276235972e-05,0.02337020945734553,0.0023101668688023497,0.000149695559767917,0.0001772975021617541,0.00015214462193561225,0.0009507487671936057,0.10164652326831981,0.001781462825085508,0.0007499358491655479,0.003602387182890108,0.0017680204622124518,0.017913709566871314,0.12564435480821604,0.026747521079357954,0.0023418293130614133
C[T>A]C,2.2272424756390965e-05,0.00024804399584103863,0.0006754929575091205,0.002244847893065131,0.0006761903192064714,0.0013784687331282802,0.0005622802101025373,0.00036391236843887054,0.0003104628083362507,0.04012986629926911,0.00026035556648551126,0.0021535961518861445,0.00014433020117053585,0.00011990243169859363,0.0004300229400052026,0.005166735653719279,0.005036288069288513,0.000263034544616252,0.0016838931126877653,0.0009279436896165867,0.0003967250495564673,0.0015446327727186033,0.0009998879508254469,0.012773966670464565,0.00010127617512926735,0.012417310890786126,0.05454966334995162,0.02342976846527342,0.000973042800852574
C[T>A]G,2.393341914697649e-06,0.00015225450337468427,0.00047769548667496865,0.0007363268084796702,0.0010855164361530975,0.0008009056355574449,0.00016696511334130565,0.00024547257534753665,0.0005641345885490066,0.012282893914252566,0.00023742189954895827,0.0021776779707688987,0.0002497323328183968,7.984971174898974e-06,0.0011451403276577093,0.0007962514426007094,0.00020583497488820766,0.00011375002877429145,0.0004204525914605686,0.0008303493088393425,0.000406787849492509,0.0027610083618939706,0.0004888047378427781,0.0009126609487361537,0.00118207489656589,0.020908549226738522,0.164841368411045,0.026266489390382772,0.0029537795238338245
C[T>A]T,0.00038447494050224276,4.2696990420138275e-06,0.0008760269207943864,0.007780267173447844,0.0020933501083058624,0.0010289702630085513,0.0005233800180245907,0.0005872851339447163,0.00027678369760252876,0.07153375239009033,0.00027573831012657414,0.0024845021908389614,0.0004631749811570265,0.00026281747614567225,0.0005531926288442553,0.004716832502428846,0.0006425236869931776,0.0003721888437847687,0.0003207581290509903,0.00020914112118517513,0.10018648745552769,0.002693751973402545,0.0011153407720230332,0.04630015681551256,0.0013285288572273896,0.015323741284566582,0.06017778087992543,0.03782737020596136,0.0037250832352139643
G[T>A]A,3.7285199101187396e-06,2.295312066806079e-06,0.000657952296101932,0.00010788336288676787,0.001491099529455777,0.00011731911794149699,0.0008259245876954703,2.2064833557191615e-05,0.002131295990356507,7.415347959678205e-05,0.00012210223837656132,0.0010013156300420984,0.0002749133976459088,2.7128357421884524e-05,0.01899315398904161,0.0007061578917957277,5.6892211133341445e-05,0.000401135094495057,0.0010917806987456068,0.0004906433012138135,0.038818303484305886,0.0029515106920402615,0.0008109747917314817,0.0022042492236020346,0.00034831182723142086,0.006056460164307818,0.05257297777481263,0.001681380143959362,0.001550634179689658
G[T>A]C,2.061143036779527e-05,0.00013153053796501895,0.000332178980227879,0.0003544974377811171,0.0031373522598013306,0.00017808846940121768,0.0006376023706806242,0.00014135125619292615,0.002232720898431081,0.003385561566694905,0.00010062515944030969,0.0011533422451452957,0.0003189140759837886,0.00013249692852668643,0.002386175695636744,0.0018011338360969633,0.0026504606681270557,0.00022406930637422013,0.0029015183753490353,0.00024301767413076542,0.00019129377724035385,0.0011936594070255885,0.0003733420114863302,0.0023145505735758186,0.0001289632823771306,0.0035202559305402246,0.010229779795232138,0.0034230030987819427,0.000604627711023763
G[T>A]G,7.35285666897181e-05,6.412788417925553e-05,0.0006537791671183866,0.00024338339367271653,0.0005855001042930066,0.00010518984473514471,0.0005201671214416301,5.8708918684400574e-05,0.0032147377123826833,0.0007186168203814757,0.00031397718439691403,0.0013645797300777917,0.00012096095227353994,1.965180670070949e-05,0.006461093818664101,0.004779265109668724,0.0012965746475360118,0.00028961583720426377,0.0010852449635572715,0.0005517021210498871,0.000176307879357982,0.003354985204588136,0.000825385665812136,0.00019422104519304043,0.0013924163299614501,0.008080886101189904,0.03683239129614625,0.004905157187702739,0.0033485684848334795
G[T>A]T,0.0004302677899725509,6.377816783280557e-05,0.000674092705583468,0.0015848727849347305,0.006422742967155855,0.0004954805652276135,0.0009000395007470929,0.00037103878702011343,0.0015902831063575602,0.00475925213666373,0.00018283033577021354,0.001889701390500725,0.0007289241852607613,0.0001277970174822823,0.007612136120516674,0.004448309434205838,0.0028771444414466382,0.0003058953860902274,0.0009328113461360299,8.227869866683073e-05,0.016578298412187185,0.0011562813004772914,0.0017502947351498795,0.01994318821626576,0.008824379305864114,0.005255125309542489,0.009591721508793644,0.0011850919750647285,0.0027574288986169826
T[T>A]A,0.0020309626290217838,0.00042158614121902654,0.006871991766391669,0.001292989235578107,0.008425002973324791,0.00051583289896678,0.003965844388281633,0.0003503420113176729,0.000498196457146561,0.0001642642826916597,0.0003191455331112727,0.002525988327127314,0.00229461892595364,0.0030761588495099384,0.26673718874697017,0.014219243693332325,0.0071035771948838805,0.00035608507409614834,0.0009783525118090871,0.002685279664687297,0.35547334923949264,0.0017082290083992257,0.0040663106444018444,0.01709999216678172,0.017538329590802107,0.007965146860590222,0.0702323912516024,0.0062657205709943245,0.004144371736734796
T[T>A]C,0.0003712001560132381,0.00019259794739033258,0.00023008610928543512,0.00024876154166698244,0.0007807156745272222,0.0012524224139526053,0.0004071010596534215,0.0002590887085257368,0.0007626495181963539,0.005718198796969892,0.00030687070491466456,0.0009727091095301304,0.0002256870536094471,0.0006740611424589143,0.00021573547079336544,0.0036127305480883306,0.0009166947096591371,0.00038886076040418595,0.0019237621397908454,0.0018653810634845643,0.0009274129582650534,0.0022777328068353366,0.00023157773840029152,0.0325274705241083,0.0013551422394540698,0.004652555981072448,0.023391617485543716,0.004056711290216869,0.0018694779323949362
T[T>A]G,0.0006921123386624398,5.1142854986809906e-05,0.0003272768144330635,6.890320966104199e-05,0.003555753389908061,0.00037351139065348936,0.0003706237494666865,0.00021504187690495364,0.0005949102681924245,0.0018445234453281216,0.0003075253239191481,0.000917467324481913,0.000742244345415365,8.446318827743774e-05,0.007758439648651155,0.004813492460915119,0.0002537305503406977,6.570995195244755e-07,0.0006286632451751384,0.001417061907871202,0.0006512759450439423,0.0012017986346406163,0.0006558868199780791,0.011842913662864944,0.005627589673130886,0.007834653714406956,0.07159072449397681,0.0029214874593041936,0.0017128232119439143
T[T>A]T,0.005276390186181967,0.00020873384167227981,0.002454703957300464,0.0013754236460087692,0.006663794558171449,0.006561349457633683,0.004787263356902199,0.0001443344744911763,0.0009222691075406217,0.0020236841954918397,0.0004347873355949008,0.0025433301352629912,0.000512500389531743,0.0015313391644149674,0.04656632562082838,0.02378774221752342,0.004693550422907077,0.0007984289032329948,0.0011407770438387134,0.00013538848183314425,0.1620878843167367,0.0015099933079113506,0.0027052884617735358,0.26732723137277375,0.027999616440671747,0.009601358784697232,0.030041323953607625,0.008249482440035079,0.0030209988191434614
A[T>C]A,0.0008362778219635193,6.561456054933405e-05,0.0016012122400449894,0.00018070621621092768,0.0052047818252985755,0.001820587281463398,0.004551466821264515,0.0019974480927701667,0.0010609237009940032,0.0010091937879242693,0.001991978537837646,0.0028599562910383617,0.00030886608048311397,0.00935296435262729,0.005320631296619846,0.20321789990758368,0.011580478622941216,0.0004908878185366086,0.03083594646524716,0.0009462258401164377,0.005864601592075549,0.0030777741583933116,0.013506303505624727,0.00424164348181919,0.0048401017458239584,0.019337518534152227,0.02455760725194473,0.016977527021132914,0.0042098628188829805
A[T>C]C,0.003648848435155686,2.4573977065603677e-05,0.0030700306708575232,0.0002944149184330882,0.003127606250851671,0.0009590999984540406,0.0015351832659484884,0.00015044682263532606,0.0008682813841924904,0.01306245515070957,0.00044778280874354243,0.0016301732718865137,0.00015165347000289556,0.0005177111245001723,0.001763560425731663,0.022282697004610896,0.0053222990086075565,0.00022801632820163963,0.016663015261089504,0.00045871927088324407,0.0002010024772919082,0.0022646847429641163,0.004060888052091835,0.0024035177560379714,0.004245092077077114,0.006282999205297108,0.0009698573349137583,0.006173906222638315,0.002347146196403587
A[T>C]G,0.0022225552901048488,1.5058041985340127e-05,0.00016047791756475921,5.900095198523528e-05,0.00818825295879433,0.0004814103057070605,0.003815142266465832,0.0004438013828903889,0.0004949292293600662,0.0012471732192892158,0.0016614363702039253,0.0022091788538856935,0.0006166257793361543,0.0005324664701059299,0.0001593492057357328,0.050216373336379794,0.016116916461774503,0.00018749037691281257,0.020133971741220662,0.0012714687546356673,0.00013996493319056165,0.002500115105041419,0.07359120777162939,0.0013481731520075002,0.009122546274216494,0.011113785342043528,0.007682867840329426,0.006778243564976334,0.0040055916609533756
A[T>C]T,0.0033877012156943503,0.00015792762790601528,0.005777321884883493,0.0006616933213571762,0.005643917265852939,0.002529952044958007,0.004039005704528553,0.00098529417073194,0.00136243546635816,0.008497508497063955,0.0012180068075034395,0.0034695830999958072,0.00024409795033369317,0.00016570922684161734,0.003919788013738917,0.14174797677155437,0.0025817559743687166,0.000615346992715015,0.03368812993716879,0.0018510162692268477,0.0029059625286746407,0.0015068140942839858,0.00960682331945235,0.009018697174774297,0.05121189631147288,0.01371933916955404,0.0010097697958106652,0.0072737948239909,0.005189661976805206
C[T>C]A,0.00014522714555811536,0.0003091561921906543,0.0003165800923439847,0.000701195522854273,0.0025087608342910556,0.0013173199723975446,0.0032107261193003553,0.00012596627177115263,0.0004650129188926338,0.011543140653453904,0.0002920117023609115,0.0019940485832675484,0.00015710390558308898,0.0013314440205771303,0.0007776986107339249,0.009641072524975343,0.008178294830005482,0.0004542644382452252,0.019926338713860643,0.001487612409715287,0.004904381796748614,0.0014475656290518356,0.015628047505704318,0.007380892912604868,0.010154466129636464,0.010720310645905519,0.006624653808697629,0.0068805481484517875,0.0017598307929686575
C[T>C]C,8.130384836741984e-05,3.796693243317603e-05,0.002479516729557306,0.006499864255839756,0.0022293515789534196,0.0026177139827656226,0.0015033804225881154,0.00014396993437321381,0.000744884307864538,0.17173898057214618,5.25879481685451e-05,0.0023234568278548543,0.00014925614873108028,0.00012897863549714747,0.0002112161940851034,0.004899589391453128,0.005080609385303021,0.0002631249721085599,0.01321721403749497,0.0009485911810946614,0.00025795956168874,0.0019500091008005872,0.03016489600098577,0.0036303069983738808,0.00020438972312009866,0.006923628707346903,0.0014459126650969087,0.008442945608297005,0.0033440929475874867
C[T>C]G,0.0010783195947262295,8.860323175183198e-06,0.0003924047782754962,0.0039694234594424916,0.0032035961216158155,0.0024698225054233186,0.00664726342470833,6.329381297054269e-06,0.0006662127174362928,0.08681661349448723,0.0004616668119483129,0.0025813213754334037,0.00015357644728983594,2.7648616473959337e-05,0.0008135891555550014,0.00850865741387566,0.01715451615173905,0.00010813213311797152,0.021737663203479158,0.0008380283963766424,0.00021158214152904733,0.00397198354656414,0.04059386500902839,0.0020753354306673006,0.0009342465111587488,0.006878378639645229,0.0020164075471825805,0.00392343434606214,0.0011231426543949414
C[T>C]T,1.7980331980016855e-05,0.00021355462881083627,0.0005877643652029733,0.01836984464800736,0.0045366402028806764,0.0003717171732712876,0.0022623090506939847,0.0001512977668247466,0.0003548313732429507,0.42194530129827024,0.0002695465848561653,0.004253403995681897,0.00016709354843080543,0.00083849787543006,0.002017596186821572,0.013081436933971798,0.004906053427163618,0.001829628493843182,0.027991723435579433,0.005444503948483687,0.006406523442963129,0.0022551524247629495,0.0037898058298653876,0.04122743382658768,0.03931446891440366,0.010303768080247624,0.0006649773210495345,0.011826831443967501,0.002327169454838449
G[T>C]A,0.0022716751091703485,6.523151314071421e-06,0.0011798047055212966,9.856469431854415e-05,0.0024322287224307288,0.000492434832676278,0.01007154268978363,0.00031670844145621096,0.0027682511305252505,0.001004368700233636,0.0006947479203732207,0.001717601868591287,0.0001753731355942861,0.01467154016864345,0.0007037789199036214,0.004632852877534796,0.006260389901514959,0.0001039810645977162,0.18838796335122635,0.0003965690389483765,0.003324209482660651,0.0017353378361865224,0.013192174334667583,0.0007163014891778267,0.001192881244487595,0.007933788153468667,0.0007528038765633513,0.003791291776950693,0.004690981328326919
G[T>C]C,0.006296907491175137,3.111741778527279e-05,0.002039011813984829,0.0015349501589661577,0.0026732546271308355,0.0006241139945323114,0.006245704063569505,0.00018907870855771938,0.002487809656780931,0.015115664375238584,0.00039005160523365387,0.0021501247286931993,0.00013777631545962667,0.005327770501305444,0.000950762379333993,0.0030594317921485543,0.004084187073988842,7.583413066601103e-05,0.05781783555497523,0.00010719059545994438,0.00010657871210758515,0.003598363257015577,0.008182995718779994,0.0008770860562440556,0.0024976598421409075,0.004343543068978786,0.0012742228349523152,0.005728658125056559,0.006872195931458087
G[T>C]G,8.304971943000728e-05,0.00010989151133530175,0.0013522339226830328,0.0010323976481570582,0.003394332687250525,0.0007336590892842063,0.005377874177984884,0.00019512020887667406,0.0027072246296898647,0.004046466020828836,0.0006156795405972838,0.0018788072039119922,0.0001479327928074824,0.0013879446861016463,0.0006076569588454114,0.00503876943183335,0.007020792893667324,7.40513769643375e-05,0.10084190186922103,0.0005262986690459564,7.77242656162086e-05,0.0029253237725645385,0.20549197199986774,0.00044879542313021233,0.0026462482802825176,0.00643806819768028,0.0006160246607539809,0.004208162668712252,0.002923882355513999
G[T>C]T,0.0053472089469320935,1.5534066204587257e-05,0.0004717684229481612,0.0015053882650432591,0.0022336514456656764,0.0009966250677785192,0.005799429436077739,1.564677267130861e-05,0.003375257659061419,0.005757928762052359,0.0018120915249228182,0.0030243269465129686,0.00015708801365856495,0.011489815688649175,0.0014969946478391048,0.007061162627327275,0.005273279259897513,0.0008105110407904002,0.11335089277138065,0.005648008726787429,0.0013485120762586943,0.0021809517217305147,0.010346209068629054,0.008821462443277603,0.3133773870960791,0.008002153461798963,0.0009240750625081717,0.0038940458513417064,0.008480311049706146
T[T>C]A,0.000773564037579734,3.7952880373704173e-06,0.0008451498546755637,0.00111394608075782,0.005433323321130999,0.001411340262775868,0.004562878378302028,0.00027314447590622134,0.00031218281130092953,0.003136239921541981,0.0008010940507247074,0.002116537190262558,0.00032362189293327524,0.00886580074823038,0.001723124979193261,0.014092639547975067,0.010720187862670226,0.0021465051722509205,0.0831726822260694,0.004976946197210764,0.010558774570845138,0.00230349571473913,0.011444912174232607,0.029033220150135392,0.08000364902076762,0.01832168034369113,0.004552558358530344,0.0038026518733430704,0.0018809238001200627
T[T>C]C,0.005165013592432074,4.524985429691847e-05,0.003650990972884116,0.0011521516633834974,0.006179184648326654,0.0020837742039642127,0.004568619884369089,6.021518444874245e-05,0.0006531686441953455,0.015708720010104506,0.0004256118474275818,0.0021710624297319008,0.0001817639670078749,0.00010145214640533243,0.006726594056719091,0.005247311791941536,0.010926167472326926,0.0005954987729879093,0.05239607562763718,0.0014599623843428683,0.0005134664950720116,0.001926160558106167,0.012778364381992206,0.020555629896614656,0.014486032928539417,0.007827613487706038,5.3286031420556686e-05,0.008532462781868767,0.0023457059400363777
T[T>C]G,0.00039366357937460785,0.00011775604669544625,0.0004995010643212312,0.001244055264776809,0.00468472189409124,0.001417500102397659,0.0032563270857165157,0.00012873765166799032,0.0005166529866818477,0.0028210875782077715,0.0008063671935401879,0.0019201178044439121,0.00015254482410122653,0.0006712500089495568,0.0011778029085953085,0.006929621183162206,0.008839490192227567,0.00031890437981180083,0.030273238588922422,0.003132850513756177,0.0001948370837689378,0.0008227987052185536,0.31658137106861367,0.012298440149644574,0.02246753898597221,0.007145539152260124,0.0011938206252228823,0.00334427987787176,0.002093784187030015
T[T>C]T,0.0032552425240017857,3.870258854917611e-05,0.0045053690255686075,0.001154835095437667,0.00719580836955075,0.00318027747619695,0.009412655493983854,0.0005672994348898601,0.0005988522803330391,0.02151320280843311,0.0009496840762623728,0.003032679169010574,0.0012769254508632028,4.404550050816272e-05,0.00950275500498018,0.03252460922105825,0.012522360524877311,0.0008115085402288234,0.04533036481940351,0.002497526262095315,0.004054831521499873,0.0015634653291356523,0.00979326371714637,0.0888320511254507,0.044108579265992154,0.011708907613733971,8.849001048820457e-05,0.010041500959571896,0.00391691106147496
A[T>G]A,0.0019116736620025797,0.00023692909802114888,0.0006544799485366523,0.0015910024768921653,0.006484211085161412,0.009865665136257376,0.0002804354942733685,0.00012908935536481834,0.0002567392866185664,0.0008667158427122912,0.0015052815630553218,0.0011501711206578413,0.0023865803973321447,5.7566551326368135e-05,0.003407927726112166,0.010067970058832842,9.568272753023962e-05,0.0004719521126887617,0.0008190848315447058,7.606342552061055e-05,0.005542200461804006,0.001113886342088734,0.0010070823861708011,0.012235738098938504,0.004083800371639307,0.007799840154406281,0.002330704685293657,0.003572243009807379,0.004717168878494027
A[T>G]C,0.0012560122802815887,7.494647535630594e-05,0.00023754081311582666,0.0044924601663981914,0.0006211551132825703,0.017178210208465272,0.0006902747521471658,6.369056941991365e-06,0.00018271501062755405,0.0007006445177196934,0.0012210223837659157,0.0010596306682562056,0.00013251582770060197,5.5108457237656444e-05,0.0005452985310109104,0.004457525607132643,0.0012668777918558775,0.00024676278732392365,0.0005737716973007812,0.0007780103584233167,5.841918396398271e-05,0.0009651523685485772,0.0003328723601180132,0.0012440513780101496,0.0026775651555111355,0.002263595416705132,7.09368004823566e-05,0.0022003681212479156,0.0002999670014900068
A[T>G]G,0.0003236984431508797,4.898851516155051e-06,0.0004197797510934964,0.0010084262468202316,0.0009384878521439007,0.007628115585546863,0.0004525009888132308,9.599422375530576e-05,0.00046837210693838425,0.0007212260134937066,0.0011434971530506176,0.00206425828520478,0.0012203791766290256,0.0005294340598775958,0.00031612502090509547,0.0038981576430378315,0.0003151900438070096,0.00027672779659449013,0.0003999654434822233,0.0012727964698042574,0.0002565722709202451,0.0008479031773929487,0.0005005292253696071,0.0007806549885665311,0.010496490003692417,0.005947981127641913,0.003002983354814286,0.004120467970975516,0.002189199064505566
A[T>G]T,0.009256134759337543,9.278229147419886e-06,0.00024037440089219467,0.06894977899106568,0.004615153873295688,0.11388071206711176,0.0026618496201564093,0.00034048558098493965,0.0002739761033142494,0.01238019439482842,0.0010465906146564631,0.0028295937625865356,0.00021540313071839208,6.273019670567822e-06,0.0012086796500472724,0.0075851825983666715,0.004722274839640339,0.00031097331077465105,0.0005591770377031261,0.0007485315014016998,0.0020796260514568932,0.0017999721594414975,0.0008297604099364436,0.0003067845073842189,0.014106198537957242,0.005670439900486004,8.048683098643736e-05,0.0011365082831064257,0.001544271760872292
C[T>G]A,0.00015456478076734644,0.00015351802209157412,0.0005599185257509031,0.0021498923520354963,0.005881986362059175,0.014449841938272274,0.000472724805286128,6.611552223155742e-05,4.6544286460624414e-05,0.00031772128341967063,0.00046127512275600716,0.000982792017461578,0.0007579559373474797,0.00025099737865513577,0.0011364122713675392,0.0028596961876756885,0.000583767757666456,8.467421958133616e-05,0.0002390652449963139,0.00032974179517668257,0.008952404703434577,0.0009384708028956247,0.0007386401265203778,0.003218754360102679,0.0015241880188543268,0.006121668017766552,0.004845463973434059,0.0023070323569402027,0.004173475697975292
C[T>G]C,9.135469137498163e-06,0.00015562533920700946,0.0002676440442567816,0.03131750096099453,0.0004984802052666212,0.02189575297322026,0.0012324572145585631,1.9758789785312575e-05,0.00018539106728792922,0.0010428630888353267,0.0014034719537147115,0.0013993152544641415,5.9747646870517684e-05,0.0011502217454307496,6.858709086615526e-05,0.001392091663182771,0.0014469401499561366,0.0001723134633882608,0.00047754138039305,0.0006846124579328209,7.906056325490301e-05,0.00024496728602718427,0.0010049778794835819,0.005409084390945399,9.564034625126008e-05,0.004088263155037963,0.0008962883855189033,0.0012613483868295868,0.0007299526451664839
C[T>G]G,5.650762906432498e-05,0.00012086488468775124,0.00024222913179076732,0.013709254282875701,0.0029024120282574724,0.015366031544590458,0.0009037347103817237,6.793404642150703e-06,0.00028795054537495687,9.281013647939686e-06,0.0008826927275197839,0.001620334149417301,0.0004298245077630822,0.00048344230587482655,0.00045590017697936966,0.0021937759930446697,0.0017688757939154113,2.714858542499812e-07,0.00037113516029105823,0.0010626154138391904,0.00013586112005257214,0.001037941559960373,0.001132980755767616,0.0012219207166877016,4.6464586255732566e-05,0.0073411816596201445,0.00797336741120585,0.00242836402362718,0.0024023576918182957
C[T>G]T,0.0013005417148549694,0.0002037033155723492,0.0003523497410587482,0.5482525505931227,0.005549912100099567,0.09994650040303661,0.0012888334798307208,0.00015710092482012803,0.00025854809175287065,0.005256626764309083,0.001510150561759452,0.006815612769791004,0.00012402199751920272,0.0052256784453851455,4.926234177402612e-05,0.001824062406349559,0.0033952821403633432,2.735021602628063e-05,0.0005454974407031869,5.416918159078727e-05,0.00985413971837664,0.0017912907325881699,0.0002960291827734133,0.0032663023180205157,0.00018635644001663081,0.007336047744763735,0.0011977979341364889,0.0012867059369449907,0.002621806401389279
G[T>G]A,0.00020353340642534885,0.000209132257968937,0.0002180582908609746,0.000314233419103069,0.0003775899691596542,0.001149732780850266,0.00010795863171679965,9.745944352492179e-05,0.00034451463373548247,0.0004947413735889251,0.00041088372279106963,0.0005058490612028674,0.00010093487065978237,0.0004899645604003662,0.0005688014265725442,0.0006606634694262534,3.290209793031809e-05,9.10236318019131e-05,0.00035877389310201514,0.0002985791524961303,0.00634876785160905,0.00031038333989738255,0.0005927187103837111,0.00259541006425798,0.0002186432191050778,0.008054030340487461,0.0015903976022133587,0.0005816548749593991,0.0015487662595649692
G[T>G]C,0.0008445481053701288,0.0001347122564734236,7.656145263321121e-05,0.0062516303319900554,0.0014790867678702217,0.0019302977451979666,0.0007546130591570646,7.197321156385211e-06,0.00022080651879041643,0.00020442981626661686,0.0004854296571022831,0.0009313606974177443,0.0013899340823668213,0.0009431939910466535,2.2143088091398638e-05,0.0010802834667624974,0.0009258603830335423,0.00012191825378570173,0.0005022783678463478,0.0003288226667886484,6.003572712926268e-05,0.0004520291397863134,0.0006458670765944814,0.0016392706733601222,3.69889815954372e-05,0.0025119435793808874,0.0002935941645689868,0.0016725314933431592,0.0010884105190977027
G[T>G]G,5.896530079736182e-06,4.651840419984827e-05,0.0005294109018648066,0.0014910504640567703,0.00029905528223030575,0.003130991815130592,0.0002666291718028975,0.00042736227708527387,0.0008190812942420459,0.00083209327872874,0.00038596070201384243,0.0021662144414041945,7.598556438279061e-05,0.0017349674722498623,0.00010893354220679056,0.0012180779717189897,0.0003807542137575995,0.0003289599350433918,0.0003615223939307924,0.002223399807271633,0.00023437741579831982,0.0014143018322762,0.005387135812037629,0.005831523223628684,0.0037692748767234195,0.02482370706703793,0.0005477862277347394,0.002841411853122799,0.0010238444964728202
G[T>G]T,0.002215561129577294,1.116261187618329e-06,0.00016590291287188081,0.11366952612878004,0.0009260910240258041,0.020536931003548514,0.001576215402593408,1.9246387181930514e-05,0.00034879520067581,0.007163452906064827,0.0002203008639492894,0.003304487377400138,5.4740855549316316e-05,0.005154061710942796,0.00048741239364658175,0.004999757066368874,0.0030326516820525624,0.0008334653780332037,0.0022780799345835222,0.0015168252237977007,0.0028987538689927332,0.0015458373072928767,0.0005280722395153897,0.0068221916473118396,0.006773838154370466,0.005058290197753935,7.561884264346278e-05,0.0029217386731972736,0.0025030951075154123
T[T>G]A,0.002676840911288932,1.7429007567963433e-05,0.0005071029612720773,0.0002832303713412236,0.018415906567947723,0.042246167765808224,0.0008227262463608106,0.00032644561294150384,0.00013638156928569953,2.023639168578862e-05,0.001139343158827848,0.0011612763456295264,0.0059472869944577665,0.01129512103393363,0.00019668063812742752,0.014619372132674517,4.1898435361807285e-05,0.00012808802150174255,0.0007365028249568483,0.0007982309884710774,0.018776423204794997,0.00038391123197892995,0.0004818896790539743,0.01926677962199496,0.0003412419900806262,0.011834772334539436,0.004976985313881166,0.0026449475886041436,0.007243559795041529
T[T>G]C,9.059969392561788e-06,7.067529299025873e-05,0.00020650307170434065,0.008754056619286327,0.0007361926455639288,0.035575823174183466,0.00042455366210223484,3.533426109956279e-05,0.00012967440139103183,0.00012876964364633953,0.0013050080503741446,0.0008947615602428571,0.0001445726694519556,0.005543182156016199,0.00017725291987444802,0.009124328705136131,0.0005068359116333104,0.00011604332640067556,0.0005854220397372693,0.0012771873562981426,0.00025286612976485086,0.0007568288194269916,0.00018548299589328963,0.01718749863730143,0.00023371050788557627,0.005384504065540175,0.0007724658710967521,0.0023041234013256814,0.0025840256109728585
T[T>G]G,2.2349019100634817e-05,0.00010053367733759132,0.0006751573318910958,0.004807759842757745,0.002968895983175954,0.013873549446407374,0.0001979634397324874,7.043388740270668e-05,0.0002687798808988659,0.00092087581220596,0.001402782088490079,0.0019078155048465294,0.0006289419046725968,0.002758785438717677,0.0015756594690098974,0.0037703881744971645,0.0016800912178398608,2.8116942591315456e-06,0.0003938689270925568,0.0012531927596417405,0.00035717786231263875,0.0009103918503120996,0.0009862313202323356,0.0073217315110833845,0.0001870749691851997,0.007515813901703572,0.005532051394396336,0.005266670035834228,0.0024259528885006566
T[T>G]T,0.018806849491885852,6.202226222495544e-05,0.00038634885615453893,0.121824322270851,0.013660889894459516,0.47520234403067774,0.006688955811335346,0.00016511775422278595,0.00043268514463761404,0.004557717778299223,0.0027327643827142305,0.0052359276705667614,0.0010104524656744274,0.09068835044313706,0.0005778246469732802,0.036672049349420574,0.0011387670937689452,0.00011343804411022714,0.0008394770111836655,0.0031541855189484162,0.008577331896530444,0.0017327819183753956,0.0023518792365405526,0.023637507314345024,0.00040266842191543896,0.01266728086921691,0.0006343392220396207,0.006624445724711604,0.005364627616036031
