"","sample_1","sample_2","sample_3","sample_4","sample_5","sample_6","sample_7","sample_8","sample_9","sample_10","sample_11","sample_12","sample_13","sample_14","sample_15","sample_16","sample_17","sample_18","sample_19","sample_20","sample_21","sample_22","sample_23","sample_24","sample_25","sample_26","sample_27","sample_28","sample_29","sample_30","sample_31","sample_32","sample_33","sample_34","sample_35","sample_36","sample_37","sample_38","sample_39","sample_40","sample_41","sample_42","sample_43","sample_44","sample_45","sample_46","sample_47","sample_48","sample_49","sample_50","sample_51","sample_52","sample_53","sample_54","sample_55","sample_56","sample_57","sample_58","sample_59","sample_60","sample_61","sample_62","sample_63","sample_64","sample_65","sample_66","sample_67","sample_68","sample_69","sample_70","sample_71","sample_72","sample_73","sample_74","sample_75","sample_76","sample_77","sample_78","sample_79","sample_80","sample_81","sample_82","sample_83","sample_84","sample_85","sample_86","sample_87","sample_88","sample_89","sample_90","sample_91","sample_92","sample_93","sample_94","sample_95","sample_96","sample_97","sample_98","sample_99","sample_100","sample_101","sample_102","sample_103","sample_104","sample_105","sample_106","sample_107","sample_108","sample_109","sample_110","sample_111","sample_112","sample_113","sample_114","sample_115","sample_116","sample_117","sample_118","sample_119","sample_120","sample_121","sample_122","sample_123","sample_124","sample_125","sample_126","sample_127","sample_128","sample_129","sample_130","sample_131","sample_132","sample_133","sample_134","sample_135","sample_136","sample_137","sample_138","sample_139","sample_140","sample_141","sample_142","sample_143","sample_144","sample_145","sample_146","sample_147","sample_148","sample_149","sample_150","sample_151","sample_152","sample_153","sample_154","sample_155","sample_156","sample_157","sample_158","sample_159","sample_160","sample_161","sample_162","sample_163","sample_164","sample_165","sample_166","sample_167","sample_168","sample_169","sample_170","sample_171","sample_172","sample_173","sample_174","sample_175","sample_176","sample_177","sample_178","sample_179","sample_180","sample_181","sample_182","sample_183","sample_184","sample_185","sample_186","sample_187","sample_188","sample_189","sample_190","sample_191","sample_192","sample_193","sample_194","sample_195","sample_196","sample_197","sample_198","sample_199","sample_200"
"1",114,87,93,111,116,77,118,98,83,97,110,73,116,124,114,101,113,100,91,119,92,84,89,66,82,64,93,83,80,120,107,105,81,134,99,65,112,76,63,98,109,97,119,98,88,85,75,122,100,105,87,83,91,95,111,89,105,98,99,112,108,98,117,128,89,85,100,108,112,83,125,100,110,102,86,101,79,96,140,64,96,88,95,112,95,113,102,104,97,100,103,105,97,98,77,93,65,77,75,81,83,113,93,82,97,93,78,83,124,119,81,88,71,103,92,106,115,94,95,126,110,108,91,90,84,92,105,87,96,81,78,86,89,88,105,119,105,102,119,104,89,99,134,85,119,89,102,90,106,119,106,81,100,81,96,109,91,93,94,74,108,110,110,94,67,97,103,74,108,86,112,90,103,80,108,86,110,75,84,88,68,89,86,94,102,92,120,72,90,119,69,110,74,73,98,106,107,89,88,112
"2",70,51,76,62,63,47,53,81,66,69,63,59,71,64,83,46,64,69,56,70,60,50,56,78,58,48,51,68,66,48,63,55,62,55,71,43,62,48,68,63,73,59,53,71,49,50,61,73,57,69,69,56,39,61,50,78,57,67,79,55,67,56,58,60,67,58,66,71,75,52,62,61,59,63,56,61,57,67,71,57,50,59,77,55,64,63,73,58,50,57,61,60,49,71,61,61,55,67,41,56,60,77,58,52,50,63,62,61,63,59,62,52,54,63,42,56,63,56,57,74,63,50,57,53,52,63,63,62,58,71,52,51,50,53,66,49,55,59,85,52,46,65,70,50,67,52,59,73,62,62,39,57,61,50,82,77,62,65,38,58,56,68,49,54,67,76,60,64,58,70,73,55,61,54,62,68,66,65,47,59,66,63,62,62,55,55,66,37,84,84,59,60,60,66,61,66,70,67,64,81
"3",13,11,9,18,15,20,17,8,10,13,13,10,15,19,7,12,16,13,10,15,13,11,14,11,13,17,17,21,7,18,14,14,15,13,17,14,12,10,14,13,15,18,13,12,9,12,5,12,16,17,12,10,17,12,16,23,20,13,9,13,7,16,14,17,9,13,16,14,11,11,13,22,19,11,7,18,13,12,10,9,12,15,11,12,9,13,9,11,16,19,15,18,5,24,12,13,11,11,11,8,16,24,5,15,15,10,7,9,12,12,6,9,19,8,12,10,18,7,17,16,14,10,6,14,9,10,14,17,13,13,12,14,22,17,13,15,5,22,15,16,13,10,17,11,11,13,8,13,16,7,17,20,17,8,15,23,14,14,14,9,17,19,13,20,10,19,15,12,11,16,16,3,9,14,11,9,10,9,12,14,7,12,8,13,16,13,22,18,12,10,12,7,17,8,12,16,8,15,8,19
"4",90,66,78,65,73,73,66,67,64,62,68,69,65,81,63,73,59,74,82,78,64,68,77,71,66,52,59,64,79,88,59,71,75,68,84,51,72,73,62,68,77,81,82,81,74,67,78,70,59,54,70,61,67,60,80,63,59,71,55,74,67,53,66,91,59,59,84,78,73,63,79,74,83,60,69,89,73,69,61,76,60,61,69,74,73,70,73,73,61,58,55,61,60,58,48,60,73,67,70,52,64,77,68,88,64,61,61,75,63,80,62,67,63,78,66,81,63,101,75,78,71,89,62,64,74,68,75,77,45,59,68,68,82,75,61,78,69,74,77,64,65,61,81,70,66,63,68,69,97,70,67,80,61,70,56,78,65,61,56,88,83,75,69,85,62,66,70,79,79,75,65,70,70,67,68,62,61,64,69,79,51,62,64,70,58,49,67,71,65,88,95,66,71,50,76,67,58,66,67,79
"5",123,101,126,182,158,110,134,123,115,165,84,92,150,148,89,123,117,133,104,133,130,115,103,117,99,96,154,94,122,136,150,112,164,145,194,77,184,106,124,135,106,118,135,144,95,156,145,109,94,132,136,147,112,143,127,127,150,155,120,112,129,93,162,154,112,87,122,115,121,181,137,120,146,157,104,157,110,126,139,79,113,145,122,131,114,153,160,90,148,152,134,131,147,116,108,121,116,110,104,103,153,156,159,129,86,116,115,115,161,133,103,134,112,142,120,121,142,112,114,134,115,112,111,111,142,155,141,115,141,117,88,76,117,103,152,144,148,112,137,97,114,133,146,133,110,108,100,105,155,156,115,100,135,90,129,155,101,119,100,128,143,139,116,123,106,98,118,98,129,119,136,137,150,107,120,130,131,103,90,93,92,133,127,125,123,162,154,115,112,178,114,126,112,100,111,129,144,108,133,171
"6",64,49,73,79,76,57,47,64,70,64,92,58,66,83,71,63,76,76,83,71,54,52,70,64,56,55,73,74,67,74,74,62,75,62,72,70,72,52,66,67,72,68,73,74,57,63,66,70,76,72,64,55,57,61,69,73,71,62,59,62,74,75,72,72,58,68,65,63,69,66,52,74,62,81,66,92,62,49,65,65,59,77,93,72,80,63,75,71,61,75,48,56,62,57,82,74,58,73,66,65,49,76,66,66,63,53,58,65,75,57,58,53,55,63,48,64,78,74,79,62,57,70,71,61,65,68,68,55,76,67,50,55,60,54,72,60,85,72,66,66,60,80,72,59,78,70,82,63,69,78,74,72,73,51,79,77,71,73,48,62,76,90,67,79,55,66,67,70,71,74,85,72,64,59,70,64,64,59,58,60,61,86,60,54,49,88,65,64,63,72,61,65,87,65,68,61,74,54,73,75
"7",13,12,21,20,21,18,20,13,17,14,15,12,26,26,13,24,23,25,19,26,22,17,26,24,13,24,24,20,29,26,23,19,16,20,25,16,20,16,18,23,21,17,19,18,15,28,18,28,16,16,27,18,18,18,17,17,19,25,17,14,16,11,21,26,19,12,19,21,9,24,16,20,17,28,13,18,21,17,19,20,23,29,18,12,20,28,30,14,15,16,11,27,20,24,15,14,22,11,21,13,19,19,21,18,12,12,9,15,11,23,17,22,12,17,12,15,18,12,21,11,18,18,14,15,23,27,27,27,17,8,18,21,19,20,25,23,21,9,23,14,25,24,26,20,19,17,21,19,13,20,10,15,21,14,21,15,17,16,16,14,22,19,19,22,9,20,22,29,19,28,18,13,28,16,14,19,24,15,19,12,7,31,14,16,18,21,27,13,22,23,12,18,16,13,25,7,30,25,26,26
"8",91,103,114,149,139,72,104,123,119,133,105,131,123,110,92,118,124,105,120,89,117,128,101,135,95,130,124,63,109,143,140,117,135,110,130,113,186,140,153,131,84,124,109,156,105,167,141,88,109,101,138,131,117,119,116,92,118,146,92,83,135,101,143,141,103,109,100,104,127,114,93,107,129,134,107,139,110,119,97,96,109,141,135,159,175,110,127,87,148,148,153,140,111,106,111,112,120,121,105,84,149,126,133,106,98,109,123,125,119,137,90,101,94,112,131,121,122,106,110,127,114,103,98,117,147,134,121,115,101,103,91,95,110,80,122,111,143,112,145,102,102,134,135,105,121,140,109,117,117,132,116,118,117,103,106,132,114,124,78,117,120,118,122,138,102,115,160,126,124,117,109,104,114,99,94,122,116,129,137,108,133,128,122,108,118,129,116,109,85,131,129,125,134,95,102,112,115,117,148,143
"9",96,89,97,180,167,64,122,132,128,147,72,86,135,131,48,144,127,136,61,162,108,93,107,105,66,95,149,62,129,187,143,104,120,150,161,68,170,122,84,150,75,142,114,151,96,171,131,131,105,91,99,110,114,124,159,78,128,181,85,106,127,53,167,175,126,104,127,103,102,142,145,114,143,155,104,181,87,126,136,42,128,105,117,150,113,152,147,77,136,133,92,130,149,102,100,134,113,77,98,92,121,120,143,96,103,101,91,143,166,133,83,128,86,121,127,140,154,93,113,90,134,106,130,88,120,150,146,106,108,98,91,66,100,57,154,161,144,109,143,102,129,142,152,98,124,107,114,104,132,164,103,55,90,95,145,168,74,90,86,129,115,138,118,120,65,85,111,118,161,107,85,102,162,96,123,97,142,60,80,72,80,160,141,109,118,141,156,102,68,140,89,151,98,80,130,107,147,119,110,146
"10",55,46,47,62,77,47,60,63,49,65,63,52,50,57,62,49,63,51,42,50,41,55,49,66,37,33,56,62,56,49,65,73,77,42,49,36,69,48,65,66,72,60,44,75,45,47,49,71,59,56,66,49,45,75,61,44,53,45,63,48,57,42,101,64,52,71,56,51,63,63,36,56,47,67,47,53,59,54,57,56,50,60,63,44,55,45,54,57,56,41,49,52,67,51,49,70,62,61,64,38,63,68,58,43,40,47,48,57,65,43,57,57,66,57,42,59,45,63,45,47,61,51,35,39,47,60,54,50,45,58,52,47,48,37,58,64,53,46,51,48,40,78,59,46,63,74,69,58,54,56,58,53,42,42,65,51,43,46,48,52,57,68,58,59,41,53,76,59,58,70,58,62,55,42,66,62,47,51,54,57,55,62,52,56,42,50,66,46,82,84,49,60,59,45,61,60,57,47,48,59
"11",11,10,12,16,15,11,17,8,15,14,7,7,19,13,13,8,14,15,9,14,16,11,9,10,5,13,10,7,13,13,20,7,13,19,21,6,18,14,13,16,12,10,10,15,14,13,16,17,13,11,10,12,8,8,13,15,20,18,12,14,4,7,16,20,10,12,11,12,13,17,14,14,16,13,8,20,8,20,19,12,17,11,10,8,14,20,15,5,15,9,4,14,16,8,15,16,14,8,4,11,6,14,13,8,9,9,8,10,12,21,9,18,11,9,15,9,11,4,17,16,14,8,9,9,19,15,24,15,11,9,13,12,7,9,10,14,12,13,14,9,13,15,12,5,12,10,19,11,17,11,15,11,6,6,14,9,6,10,9,8,18,15,15,17,13,2,12,8,17,8,10,8,20,14,14,12,21,8,12,8,7,17,13,18,11,10,10,16,6,14,10,19,7,7,13,10,14,19,13,20
"12",98,78,89,151,111,55,106,80,92,100,76,98,115,128,59,113,110,78,88,90,86,110,83,95,53,100,132,54,82,140,117,98,132,110,138,74,173,122,87,93,66,99,71,148,90,161,119,92,76,67,108,101,103,103,143,72,115,136,85,71,101,49,138,140,94,81,118,88,85,126,100,105,111,118,110,126,84,109,93,53,109,108,94,130,98,113,106,84,124,125,75,137,99,69,75,104,94,82,106,62,126,93,117,73,77,71,101,122,113,128,74,89,78,118,117,107,144,102,86,99,113,89,89,81,130,108,143,93,80,82,73,65,103,69,122,127,138,101,123,105,87,130,133,105,106,108,105,93,113,133,89,54,81,73,104,124,71,78,88,92,92,116,113,116,58,82,87,98,120,101,68,112,113,78,103,110,102,88,92,66,97,128,88,99,83,125,100,113,67,115,92,127,92,66,88,90,119,105,101,137
"13",338,244,317,308,400,204,300,377,336,358,285,393,247,266,418,239,258,237,249,178,276,383,377,411,200,300,279,268,338,319,311,589,463,235,301,244,350,367,406,351,384,318,310,442,377,348,384,375,275,263,346,279,221,430,339,244,259,341,301,150,342,246,441,420,337,428,406,289,353,347,293,274,308,334,363,240,431,263,223,317,392,358,348,282,371,192,405,394,257,298,202,315,242,235,258,393,422,453,390,340,464,322,374,312,294,305,330,408,346,271,238,283,280,249,359,305,260,434,272,288,345,351,217,302,401,243,342,230,195,360,338,269,335,234,262,232,255,233,266,282,217,411,207,230,316,356,340,408,356,287,251,250,257,217,253,327,286,262,255,387,202,342,334,387,253,255,397,355,293,418,253,349,321,202,384,459,306,181,496,335,378,337,257,327,206,337,363,363,385,393,413,319,366,272,356,290,308,233,335,318
"14",92,86,83,160,135,69,119,100,97,132,76,121,120,126,83,100,91,109,79,104,106,126,116,112,87,107,131,68,110,144,108,119,132,165,153,91,146,105,116,106,84,90,110,131,80,120,117,108,91,94,93,121,134,109,154,90,141,140,79,94,145,62,161,150,92,101,91,105,114,125,94,91,142,126,105,132,88,97,112,53,107,116,107,123,128,117,139,95,122,168,92,157,98,77,104,112,90,93,124,68,115,144,135,74,105,103,117,123,125,126,83,118,100,142,149,107,133,147,105,114,106,106,81,72,114,113,109,96,115,120,94,86,122,59,127,115,134,83,133,111,110,142,149,145,118,129,123,85,148,113,80,95,99,76,122,142,93,91,102,107,105,134,125,122,79,105,124,102,131,127,87,112,108,98,110,131,108,80,102,79,88,130,77,114,83,124,104,128,108,151,94,135,106,77,110,134,133,127,89,151
"15",22,14,20,31,35,10,33,21,18,29,18,22,27,29,23,20,25,15,17,18,19,29,26,19,18,18,28,8,27,24,23,29,29,30,27,26,33,35,18,15,23,29,29,36,21,25,26,26,15,13,28,39,21,31,21,16,22,28,17,22,22,17,38,35,23,28,27,23,19,30,19,22,30,30,31,34,29,30,21,16,25,18,18,21,15,20,24,16,27,27,10,32,15,12,19,30,28,30,23,17,39,30,26,16,10,20,19,27,30,25,19,13,11,20,26,23,27,25,25,13,16,24,19,26,35,27,31,15,14,20,18,17,17,24,29,18,26,17,28,31,18,29,27,19,23,23,35,14,23,31,18,19,22,16,24,29,24,18,19,25,32,23,23,21,21,19,22,27,34,30,20,25,21,23,26,21,29,15,20,21,18,27,14,23,14,26,23,28,14,28,22,18,22,12,22,9,30,23,24,27
"16",916,850,601,744,609,618,558,811,884,531,602,853,395,618,720,828,462,653,585,541,714,991,801,878,672,750,585,404,612,645,627,1303,673,457,842,610,594,1150,982,884,753,851,722,922,1076,1140,951,683,637,594,705,599,809,756,968,475,491,713,527,402,724,436,708,852,920,766,891,905,630,732,786,473,599,666,1090,489,844,694,549,776,800,824,718,810,675,352,815,846,644,622,533,773,646,559,613,828,833,800,874,813,945,592,833,877,819,934,704,974,554,759,524,868,670,579,1009,610,543,1069,711,655,671,837,978,753,902,606,740,837,507,806,896,669,807,628,557,577,646,599,479,767,645,670,403,431,781,663,658,1148,870,495,545,806,623,815,631,610,688,574,971,916,465,955,733,932,622,573,783,961,728,831,484,788,675,829,914,943,807,571,1031,979,931,848,807,834,673,488,612,908,630,619,985,800,921,871,811,409,573,736,843,542
"17",41,28,29,42,21,51,32,25,31,36,28,28,26,34,36,30,35,49,48,38,37,22,36,42,37,34,31,52,20,36,27,32,31,24,48,26,31,28,19,20,36,24,31,24,29,17,19,37,30,29,26,30,38,23,23,28,32,33,27,44,27,34,22,30,33,21,24,39,32,24,36,30,35,33,30,29,32,39,45,23,24,18,21,33,30,28,28,34,36,33,39,26,21,43,36,37,22,18,17,28,20,41,26,33,40,40,35,22,38,35,48,29,28,44,17,26,33,43,38,47,34,55,43,43,17,33,31,21,45,25,29,31,44,38,35,40,36,42,39,33,30,33,41,36,41,33,33,27,36,29,33,38,33,28,37,33,42,29,29,29,43,30,32,21,36,46,33,18,33,33,42,34,28,35,34,35,53,47,21,24,29,25,24,33,34,34,13,22,35,32,24,29,29,30,30,28,30,35,31,43
"18",21,20,33,30,16,18,18,16,15,12,25,13,19,24,19,22,26,19,23,20,29,16,27,17,34,16,19,29,27,17,18,9,13,22,20,21,9,18,18,12,21,16,20,19,13,9,17,20,23,26,17,11,17,17,11,9,18,25,25,27,12,19,15,12,16,20,11,21,28,23,18,19,20,17,17,14,19,20,26,22,19,17,16,16,19,21,13,19,15,25,18,14,20,14,26,19,16,16,19,19,12,18,10,18,18,19,23,14,25,21,23,18,15,26,7,17,22,28,23,14,21,35,10,17,12,21,19,13,17,16,11,17,23,27,27,22,20,15,19,13,17,17,19,26,20,15,15,8,19,15,23,30,17,18,20,20,22,20,13,13,28,17,18,19,17,30,14,14,14,24,25,25,18,22,15,17,29,21,9,25,18,18,28,19,13,21,20,18,17,17,9,16,17,16,24,15,17,17,18,14
"19",5,7,5,8,6,4,11,4,7,6,3,9,6,9,7,6,7,6,6,5,5,5,9,6,6,7,11,10,10,12,4,5,7,8,11,5,5,3,6,5,9,6,21,5,2,6,3,8,7,8,7,5,8,6,6,8,11,5,6,10,8,5,5,7,3,9,7,9,3,5,13,2,5,4,5,4,8,10,9,5,10,6,2,6,2,7,9,6,8,9,7,7,2,9,3,5,4,3,2,4,1,9,3,8,10,0,6,6,6,7,5,9,9,7,6,8,12,4,5,11,8,8,1,7,7,6,3,6,9,7,2,8,8,6,5,10,9,7,5,6,9,6,6,7,7,1,10,2,1,7,6,9,8,6,4,4,7,5,5,0,11,2,5,3,2,6,7,5,4,7,9,6,5,8,5,3,4,2,3,5,6,5,3,7,9,6,10,9,7,7,7,10,3,1,7,7,9,2,5,6
"20",38,29,36,33,31,41,39,18,34,18,41,27,36,36,39,42,39,39,41,48,31,33,33,23,42,21,32,42,33,32,32,9,29,38,23,31,23,23,25,29,31,26,27,21,16,16,29,51,28,28,27,19,32,34,26,20,32,33,38,28,24,35,32,42,28,34,30,38,42,23,22,33,28,29,16,35,24,33,50,29,28,24,30,32,40,35,26,30,23,45,36,22,30,38,40,45,19,19,27,21,16,34,18,23,30,24,29,17,41,39,31,29,27,33,31,26,30,31,36,29,36,32,33,32,24,37,22,30,34,34,20,35,34,39,39,34,39,40,26,34,28,33,33,39,28,37,30,22,45,40,30,35,22,20,33,37,31,30,28,23,33,34,31,20,48,37,27,20,27,29,41,32,32,36,17,35,29,27,21,29,33,19,29,25,35,29,33,25,29,33,25,20,21,28,26,43,21,30,32,27
"21",38,29,30,32,19,31,35,16,26,24,29,24,33,35,33,34,28,32,36,48,27,17,27,22,34,28,33,37,25,21,21,17,30,22,29,22,30,23,28,22,36,22,29,23,19,14,29,29,41,35,38,24,30,28,19,31,40,14,27,33,34,31,28,22,24,23,17,30,31,18,29,27,31,19,37,26,23,20,37,16,24,30,23,32,29,35,23,22,24,26,20,18,16,36,29,26,26,11,20,36,15,27,17,16,17,29,24,12,31,28,28,13,29,37,19,33,26,26,36,41,37,26,28,25,21,25,16,31,21,34,23,27,36,37,37,28,21,27,29,24,18,27,33,35,35,33,27,18,17,40,31,33,28,24,17,30,41,40,27,24,37,32,19,15,36,38,16,18,24,22,40,28,28,34,26,30,36,29,22,28,20,21,24,22,39,29,24,18,51,32,23,28,35,36,27,36,22,21,32,34
"22",20,25,28,30,26,28,28,22,27,25,34,13,29,32,28,23,21,23,26,37,22,18,17,22,35,22,24,42,28,29,21,14,26,30,31,23,23,13,18,25,39,20,20,21,20,19,12,39,43,25,23,17,17,21,13,31,29,24,33,33,22,33,25,25,26,20,16,37,19,21,16,30,22,22,19,28,18,30,39,19,11,16,26,28,23,26,20,26,19,30,38,32,20,32,29,20,23,21,27,29,15,22,16,24,22,33,30,21,24,26,34,16,34,31,22,28,29,27,20,37,28,20,32,33,27,27,23,21,24,28,25,30,36,18,23,17,27,33,32,17,32,28,33,30,17,23,22,18,24,26,24,35,22,23,28,33,36,36,36,22,48,19,27,19,17,39,26,16,24,20,33,26,25,22,15,22,33,28,23,24,24,23,21,21,33,22,24,21,36,31,22,29,25,26,32,32,24,23,18,29
"23",9,3,10,7,8,13,11,6,5,9,6,9,3,10,11,4,9,6,7,14,6,10,6,5,9,6,10,16,7,12,5,7,9,7,8,7,11,3,7,9,5,9,10,9,7,8,4,7,8,8,7,5,11,7,10,8,6,9,7,12,6,7,6,7,5,10,10,3,13,4,15,10,9,8,5,8,5,10,6,8,10,10,8,8,3,7,6,8,6,6,3,4,8,10,5,12,5,3,6,5,2,10,4,12,10,5,4,4,11,9,5,10,6,6,3,8,10,4,9,8,13,9,5,6,6,2,6,1,11,7,6,11,8,4,10,5,12,9,9,10,8,7,7,10,13,10,10,11,7,13,8,8,6,8,9,5,7,8,3,8,18,9,5,2,5,11,8,7,11,10,5,9,5,7,14,13,13,3,4,7,7,12,8,9,6,4,7,8,9,10,5,10,5,4,10,3,4,7,7,4
"24",36,26,36,43,38,32,42,18,33,52,30,24,32,54,39,40,37,43,46,42,35,30,27,18,44,31,40,53,26,33,35,22,23,36,44,26,29,23,30,33,42,35,31,26,27,19,26,55,29,31,41,23,28,29,29,36,25,37,48,54,34,26,34,25,28,22,35,44,34,32,34,43,21,35,29,30,21,32,58,39,26,31,35,41,35,45,22,43,29,40,26,28,31,50,39,45,21,16,25,29,20,38,21,23,30,29,44,19,31,27,40,29,24,47,12,33,32,37,46,34,33,31,29,37,24,39,28,40,51,33,29,24,29,39,52,30,39,43,34,32,40,31,50,38,38,28,30,27,40,36,50,46,43,28,38,44,50,36,39,30,49,32,48,21,37,40,37,21,33,35,51,24,32,38,22,47,39,46,15,39,33,37,31,23,36,28,30,19,49,36,25,21,23,30,40,33,29,39,37,38
"25",14,15,17,21,13,19,21,12,18,14,24,11,21,21,19,14,23,15,22,23,20,7,13,10,30,8,17,25,18,13,19,7,19,9,20,22,19,8,10,7,27,10,20,10,18,5,13,20,18,20,19,11,16,21,8,18,16,13,28,33,11,21,9,14,8,18,13,23,20,23,23,28,19,14,22,15,11,9,29,13,15,12,18,13,14,17,22,15,23,29,13,20,8,14,20,17,17,13,11,16,10,18,11,13,18,18,16,9,24,9,29,13,18,28,13,24,17,27,23,13,13,13,12,9,11,21,15,20,20,13,17,17,21,21,25,14,13,15,22,27,13,11,23,18,15,19,14,10,15,12,19,18,18,14,17,23,20,17,17,17,26,14,11,13,20,25,10,11,20,12,23,28,25,12,18,20,18,24,10,14,14,17,21,17,11,19,16,13,21,21,14,20,15,26,24,20,11,18,18,19
"26",19,9,18,12,7,14,15,20,12,16,13,5,19,16,14,9,17,18,18,16,7,13,15,12,16,11,13,28,9,20,16,11,19,15,12,9,10,14,8,9,18,11,13,11,7,5,13,11,13,15,14,17,14,14,6,11,14,10,27,19,17,20,11,15,14,13,19,16,9,13,8,14,16,11,10,8,10,19,22,11,8,12,19,6,18,19,7,14,14,11,16,11,7,17,10,20,10,12,13,15,10,12,8,19,5,10,16,18,11,11,20,17,9,25,15,10,17,12,15,8,15,20,9,16,11,14,16,16,17,9,9,12,13,13,20,19,10,22,15,14,14,12,15,22,17,12,16,7,18,18,25,19,15,9,8,14,24,15,19,13,14,18,12,10,24,25,9,9,12,15,16,13,18,18,10,11,22,23,13,16,18,16,16,9,12,23,15,12,22,10,9,17,10,11,10,17,14,17,16,14
"27",9,4,3,1,3,3,9,2,3,4,3,3,9,5,11,6,8,6,6,4,5,2,5,2,9,4,5,8,1,8,6,4,6,6,8,5,6,0,5,2,7,2,8,6,3,1,2,7,5,8,2,4,2,4,4,4,8,6,10,9,1,3,4,6,7,4,6,2,2,5,6,3,6,3,5,5,6,5,8,3,5,7,2,5,2,2,2,7,3,2,4,4,2,8,8,5,2,4,3,0,0,4,3,2,4,3,5,6,4,5,3,9,4,4,6,3,3,4,3,1,1,7,5,3,3,5,3,8,2,6,6,3,5,10,4,4,2,6,4,1,6,4,5,6,3,4,7,1,4,4,6,8,8,8,4,7,4,5,5,1,4,7,3,2,3,3,2,1,4,2,8,5,2,6,3,4,9,6,2,7,3,4,6,7,3,2,3,2,9,5,2,4,6,6,2,6,5,3,7,3
"28",14,15,18,16,17,22,15,18,22,16,20,17,20,18,24,21,25,29,18,26,18,9,9,13,13,21,19,26,23,13,14,7,21,15,17,20,12,14,14,13,32,12,14,15,8,7,14,23,31,32,17,16,17,17,5,10,14,19,13,18,14,15,16,9,15,8,11,18,20,16,15,18,12,21,17,12,15,14,37,19,16,11,16,17,20,14,14,23,10,28,19,21,9,26,18,14,12,14,20,21,8,27,17,12,18,26,22,17,21,22,26,22,17,16,12,15,9,17,23,23,20,19,18,17,12,11,18,20,16,20,17,16,26,18,22,13,12,26,33,20,15,17,16,18,20,28,15,19,12,15,33,19,15,15,19,21,22,17,12,15,12,11,19,14,23,30,6,14,21,15,31,23,30,13,10,23,12,37,7,18,21,13,18,22,14,30,12,12,38,28,14,11,20,25,23,21,19,13,25,20
"29",44,29,37,40,37,57,45,41,45,49,50,37,41,45,47,46,50,32,49,50,41,48,64,39,53,35,29,47,32,48,46,23,51,56,38,43,35,28,36,32,54,33,47,37,30,37,27,36,52,54,25,47,51,23,32,64,74,31,53,49,43,57,31,29,27,26,44,45,59,33,47,47,33,30,31,37,44,36,45,40,29,55,25,37,44,49,35,27,46,44,53,44,44,46,46,32,33,32,33,39,29,59,46,52,45,38,37,30,41,52,32,33,48,36,26,36,49,41,51,44,34,47,42,45,28,34,24,45,39,45,44,53,45,49,44,52,33,41,44,35,56,40,61,52,46,32,38,28,38,69,45,48,39,53,45,42,46,58,43,36,45,33,42,26,51,43,32,35,40,37,57,28,49,53,41,27,32,29,18,29,24,29,29,45,46,58,46,47,47,44,41,35,33,31,35,56,52,52,43,52
"30",39,32,33,46,24,48,34,20,37,42,45,30,35,46,50,37,51,40,43,43,40,21,31,23,48,23,27,41,38,39,29,21,26,25,43,31,21,23,29,31,42,29,27,36,16,17,24,47,34,36,38,21,33,44,26,37,36,33,32,43,39,35,32,30,21,25,32,38,41,27,31,46,41,37,28,32,19,42,53,23,28,25,31,34,29,41,36,31,18,38,34,31,20,41,38,31,24,26,33,43,14,39,29,26,24,46,36,19,49,38,37,22,32,34,27,35,34,32,35,44,30,50,22,32,19,28,40,31,36,29,30,37,35,36,35,36,42,47,60,36,27,28,66,38,35,27,17,29,30,37,49,43,20,21,37,40,35,40,44,38,42,26,34,28,52,41,30,19,27,36,39,33,26,38,23,37,29,49,16,39,30,26,29,38,33,31,36,22,47,36,27,28,22,29,47,40,33,36,37,39
"31",2,6,3,4,8,1,6,6,4,4,5,7,12,5,4,4,5,1,7,5,6,7,6,6,3,2,8,7,4,5,6,7,2,5,10,6,10,3,3,4,10,7,4,4,1,5,5,4,6,9,7,10,11,1,8,15,7,1,6,6,0,6,5,8,7,9,7,5,2,6,6,5,2,4,2,2,8,4,3,3,4,5,5,8,2,10,3,5,4,6,6,4,5,5,4,4,2,3,4,9,1,5,6,8,5,6,5,3,10,4,6,5,8,4,6,8,4,6,4,5,6,4,3,5,6,4,6,3,11,5,6,5,2,8,3,8,4,3,1,7,10,3,4,8,9,2,8,4,9,10,3,3,9,6,4,6,7,7,6,2,10,7,6,2,3,4,3,3,3,5,7,7,8,2,4,1,1,6,4,2,2,2,2,7,5,7,6,6,6,5,6,5,6,4,1,5,7,3,2,4
"32",74,47,61,61,51,79,78,44,69,65,69,50,72,53,73,62,56,58,69,62,80,55,64,39,95,61,59,92,49,43,62,29,58,76,42,67,54,39,55,55,71,52,69,39,61,49,45,70,67,89,53,54,54,59,45,69,67,64,63,94,66,77,61,55,47,52,46,67,67,68,55,81,63,70,61,73,51,49,73,51,59,71,51,56,54,85,64,54,60,78,66,66,52,82,67,59,62,39,50,61,57,59,56,59,68,63,78,41,56,55,71,71,84,65,49,73,78,63,53,85,66,68,52,77,50,65,51,68,79,71,70,49,65,84,62,64,62,75,64,84,62,66,81,74,75,61,68,43,63,61,81,89,71,56,70,63,78,62,76,55,79,46,67,50,68,72,41,46,67,56,67,56,53,73,62,72,57,65,36,45,47,60,48,64,56,82,53,63,78,68,48,51,59,69,62,76,84,50,69,65
"33",77,100,57,68,94,104,117,57,70,95,94,86,82,106,111,42,85,86,113,93,73,81,82,71,90,68,100,118,84,80,84,49,53,108,97,93,77,41,61,74,105,72,99,44,73,58,44,78,86,88,69,100,107,68,80,94,105,58,87,125,76,112,63,67,76,75,103,83,95,87,102,96,79,78,82,80,103,101,85,74,78,79,72,67,93,94,72,80,94,89,96,108,86,106,81,61,59,76,67,74,57,102,63,82,98,67,100,51,80,95,87,72,80,74,70,77,86,83,110,98,94,75,74,79,67,62,73,82,102,91,66,128,96,98,70,84,57,112,109,90,100,72,98,106,79,69,86,68,84,101,83,91,89,88,101,84,86,96,91,79,105,74,80,75,79,84,77,61,73,71,91,62,75,93,51,66,79,108,60,64,71,65,60,83,100,89,85,81,102,83,70,75,73,66,81,112,102,85,83,81
"34",41,59,44,42,40,63,40,38,47,60,36,46,51,50,51,40,41,51,49,52,52,35,38,39,47,54,42,67,50,50,38,23,39,43,29,61,41,36,40,29,44,34,41,30,48,38,37,49,46,41,51,43,45,36,32,59,56,32,53,73,36,66,41,34,35,36,30,53,50,43,45,51,43,52,42,39,36,48,53,61,37,40,48,42,45,59,48,51,53,58,58,48,59,59,48,28,36,49,32,50,40,52,42,32,30,36,50,31,39,42,46,54,45,54,41,53,44,36,42,54,46,39,39,41,32,44,49,45,50,43,50,39,51,54,53,44,50,51,41,54,60,47,59,60,40,41,46,39,42,37,49,48,56,49,48,38,31,60,57,41,60,39,35,35,49,52,36,48,51,33,56,37,44,56,35,38,41,50,41,46,50,35,50,43,53,55,45,37,37,36,45,52,32,41,44,56,42,46,35,37
"35",20,32,35,53,38,31,46,45,39,42,36,32,49,33,28,36,38,36,30,27,38,43,26,36,43,44,49,24,51,44,36,34,38,38,27,45,50,44,34,44,21,51,39,40,52,47,39,32,50,29,35,56,47,37,26,47,44,38,34,41,44,52,45,42,44,43,49,35,25,35,47,41,50,21,38,46,40,38,26,31,30,42,37,41,30,37,33,41,43,37,45,43,46,38,32,28,39,34,32,32,48,35,47,44,42,43,36,33,37,55,34,40,38,25,43,54,42,25,35,35,41,24,41,47,40,36,47,49,54,39,38,42,32,36,35,43,38,54,30,34,36,36,30,35,39,60,36,36,31,54,31,19,42,43,36,36,34,46,33,24,38,42,43,37,23,37,42,45,39,24,35,40,35,30,50,31,40,47,44,38,30,32,33,34,41,38,49,43,26,23,36,26,38,31,22,33,26,41,40,39
"36",61,83,62,44,56,75,78,53,44,66,41,44,74,66,71,62,80,72,60,68,63,53,57,54,72,47,51,91,57,63,43,35,48,72,61,74,46,41,45,58,65,58,60,35,54,43,38,73,56,67,68,67,60,56,57,64,57,57,69,75,56,69,51,47,33,41,52,64,66,48,63,52,46,75,42,53,54,65,70,60,52,58,43,55,55,55,46,45,60,63,63,61,44,64,74,68,41,48,56,42,32,73,46,79,58,40,55,39,59,55,68,38,69,69,37,72,67,44,52,71,77,52,48,48,50,46,57,56,57,51,49,72,62,79,60,57,58,52,56,57,56,44,66,75,59,31,51,51,57,67,52,66,59,54,45,60,78,59,62,58,63,49,44,56,64,63,49,50,54,57,67,42,61,72,46,37,65,78,45,43,39,46,59,56,70,44,60,62,65,70,54,44,41,71,55,61,52,77,38,63
"37",72,61,62,54,62,88,72,59,73,60,58,51,86,69,62,59,60,64,69,83,78,51,54,41,69,59,74,59,59,72,66,23,72,78,57,78,48,27,58,58,70,54,60,53,59,45,42,63,72,85,55,67,62,56,60,83,69,68,74,78,44,80,58,61,54,45,59,56,61,75,47,60,75,47,44,62,68,74,67,81,72,58,58,52,56,94,49,58,62,57,92,56,72,78,73,67,70,59,70,68,59,79,61,57,75,69,48,51,54,71,56,89,56,73,55,68,74,40,65,59,47,51,54,79,61,59,57,53,67,76,67,86,52,72,62,57,67,57,58,79,69,56,79,75,52,71,79,37,60,78,77,78,63,61,77,44,49,47,59,54,79,54,57,53,72,56,49,55,56,52,59,81,62,53,64,52,67,72,39,52,51,56,55,55,68,72,71,71,69,48,55,60,62,67,56,51,74,51,62,68
"38",64,65,70,63,53,71,65,66,74,67,61,46,61,59,56,71,66,66,70,57,92,49,59,53,70,51,55,79,55,47,60,27,74,70,52,74,51,37,60,43,76,44,45,58,45,43,49,60,66,67,62,68,59,57,43,67,49,61,73,59,55,67,54,51,57,47,43,58,55,46,47,53,48,60,42,55,51,52,84,63,51,70,39,35,70,89,37,38,64,72,54,64,57,71,67,62,53,58,59,74,42,74,54,65,52,61,44,59,47,51,59,67,49,75,50,74,59,43,69,59,43,62,59,56,49,50,45,67,58,70,62,51,61,81,59,58,88,67,67,58,65,74,83,83,41,54,69,34,65,70,80,85,55,66,65,41,59,59,81,59,65,54,50,65,99,63,44,47,61,63,77,49,63,48,63,51,57,59,33,57,55,74,58,54,59,57,73,50,64,53,44,52,40,87,57,80,55,54,53,57
"39",28,46,34,27,43,31,29,41,35,33,27,24,34,45,32,36,39,44,30,47,29,34,24,31,29,20,40,30,48,42,31,26,29,46,24,43,43,29,19,43,30,39,31,28,25,31,46,35,40,27,32,48,30,46,49,32,38,32,42,41,24,43,50,23,39,41,42,16,33,43,37,46,37,47,29,44,30,57,21,33,35,32,36,28,35,46,36,30,38,33,56,27,50,24,50,28,28,37,38,34,34,31,56,41,31,36,39,27,27,36,39,51,27,33,41,50,46,19,29,33,34,30,33,42,52,43,40,36,40,29,31,35,25,39,32,38,33,44,38,45,45,27,45,39,38,33,34,44,28,31,47,23,38,42,25,42,35,40,37,31,37,35,32,34,53,47,40,44,26,37,43,31,34,42,32,31,52,60,39,33,42,39,35,34,43,43,42,51,21,26,29,36,18,35,38,48,40,41,25,36
"40",78,82,72,61,74,107,67,82,74,72,66,51,70,70,76,77,81,66,96,85,68,50,72,49,85,78,70,96,77,69,89,32,78,88,74,90,69,58,72,56,64,52,47,52,67,60,57,60,75,89,70,83,79,66,51,76,79,63,81,102,73,88,74,56,65,55,53,66,68,88,46,87,76,72,52,69,67,72,85,99,68,71,41,65,76,93,59,72,71,84,66,77,94,86,78,64,81,68,80,99,60,104,64,87,89,75,64,85,80,62,68,85,68,82,66,75,94,62,79,76,62,87,77,66,70,80,74,72,90,66,99,89,71,98,76,59,91,69,84,63,116,71,83,84,58,69,85,48,87,102,94,97,90,91,84,58,79,85,86,74,89,62,63,70,100,72,54,81,79,46,79,74,71,71,75,66,67,92,50,72,63,70,78,84,62,87,69,70,79,53,77,74,47,100,57,94,91,77,60,78
"41",46,50,63,41,46,53,38,46,39,33,47,46,60,47,50,55,64,62,51,54,50,34,40,36,54,35,49,64,37,55,53,32,39,50,41,49,52,41,34,42,43,48,43,26,44,24,42,50,57,44,44,41,40,42,25,47,36,42,54,61,58,40,46,37,47,34,40,38,45,47,37,53,44,46,31,31,27,55,51,55,35,37,44,46,45,45,37,38,45,36,45,48,56,51,45,48,32,36,42,55,40,38,42,35,39,41,45,31,36,40,54,52,42,54,36,51,46,45,55,37,38,38,49,54,38,44,28,35,45,42,46,54,49,57,48,39,41,50,45,51,41,48,42,52,38,37,47,40,44,44,61,45,41,44,42,36,55,53,36,44,58,46,33,44,60,58,28,43,44,54,54,65,48,49,37,43,40,51,39,35,51,37,48,52,44,42,39,38,48,43,33,41,34,53,59,54,41,44,43,40
"42",56,60,50,45,52,56,57,51,46,40,49,48,58,45,52,72,64,65,45,51,60,63,44,53,56,56,40,72,55,63,55,30,49,49,49,56,48,60,50,60,54,35,38,36,43,46,50,67,50,60,58,59,57,41,49,54,46,47,57,55,42,47,36,45,48,51,56,43,36,48,47,54,54,39,49,43,49,60,58,62,47,37,52,49,54,49,42,45,60,46,45,46,51,62,63,49,50,55,57,53,41,51,46,60,59,52,42,66,39,51,70,59,50,61,55,49,43,48,52,58,48,66,52,68,47,55,46,34,48,46,58,55,54,56,44,50,60,44,49,59,60,47,50,44,41,65,45,56,54,44,64,57,50,56,55,36,64,42,68,59,56,40,43,43,53,43,40,55,48,54,71,50,51,51,66,62,55,48,57,54,43,43,59,53,62,40,63,51,55,44,43,63,51,66,54,45,47,61,46,48
"43",41,44,25,26,36,35,46,35,39,22,24,38,41,35,26,43,27,38,22,38,33,52,40,43,37,44,39,23,46,31,31,48,27,36,28,46,35,41,29,40,20,40,36,32,53,36,42,30,41,38,33,45,35,27,60,39,28,36,31,37,34,26,38,34,43,34,35,28,28,31,47,19,36,40,33,39,38,57,33,37,32,30,49,47,34,50,33,38,35,21,36,22,47,35,44,39,30,27,33,36,40,21,43,39,42,27,32,41,21,42,49,41,49,32,47,36,49,22,26,30,36,35,59,39,36,35,42,36,37,30,40,32,32,42,39,52,40,30,33,38,34,40,39,33,33,33,44,34,27,28,31,32,34,40,33,33,41,27,35,37,29,28,29,34,33,42,26,42,39,37,34,33,47,42,40,27,46,47,40,31,38,47,44,35,48,40,41,34,15,20,38,45,27,44,40,24,36,51,32,33
"44",52,66,47,41,43,60,43,51,53,52,59,58,47,50,45,58,69,49,53,60,46,72,51,52,59,61,50,53,48,53,49,51,39,61,44,62,52,53,52,48,55,45,51,21,55,41,41,42,50,40,59,48,53,50,48,52,63,62,50,56,52,48,44,50,39,49,53,35,48,45,48,50,45,48,49,46,54,62,61,65,56,46,42,59,48,60,41,39,69,47,60,53,52,41,60,49,62,40,64,67,32,49,66,63,65,53,51,61,43,41,55,63,37,53,53,53,54,40,44,42,46,41,66,53,61,52,53,61,59,39,53,49,36,59,44,46,51,43,44,28,60,40,50,41,44,45,63,45,37,54,57,63,51,59,58,51,56,49,61,47,55,41,44,48,66,64,51,66,37,45,66,41,58,49,47,43,53,55,52,61,53,56,47,67,65,43,47,61,56,40,43,47,53,65,39,46,53,47,58,53
"45",42,46,49,52,52,46,65,53,49,55,50,53,78,44,53,47,64,55,60,52,60,48,61,49,55,79,74,72,55,64,48,40,48,70,49,70,47,38,31,44,49,41,56,38,46,41,37,67,59,57,45,65,50,59,54,62,76,63,57,68,54,61,54,43,45,59,48,43,52,84,33,69,76,51,54,62,52,70,77,53,57,44,54,57,54,67,58,56,62,53,62,70,61,44,60,61,54,49,51,48,45,77,45,52,52,47,50,65,55,54,56,65,69,62,70,48,58,44,53,65,66,68,40,44,50,59,47,45,61,51,49,62,57,71,66,68,57,57,49,61,70,57,62,82,61,42,71,35,54,57,82,67,44,46,59,62,51,56,75,54,47,33,47,47,49,67,50,50,55,60,61,46,46,43,50,49,39,31,34,53,51,50,53,66,46,53,54,61,64,54,30,59,47,44,48,58,59,55,45,56
"46",43,57,56,62,56,66,63,62,39,53,55,43,57,57,52,59,60,51,60,65,58,42,41,63,52,52,61,63,61,77,53,38,43,79,46,73,53,43,58,69,41,57,59,43,50,56,57,61,52,49,64,55,57,73,63,62,47,54,70,84,60,55,61,40,44,65,42,40,54,67,46,47,56,64,54,60,56,53,77,62,61,53,62,71,64,74,55,52,63,61,64,40,49,66,63,54,59,66,69,77,42,48,55,57,58,66,58,47,41,44,56,70,55,81,57,66,59,58,53,46,63,68,44,65,52,53,62,48,54,56,52,70,67,61,67,52,64,60,84,64,75,69,80,70,43,63,63,48,56,49,66,66,64,58,62,58,65,58,61,50,61,45,63,45,60,79,60,56,51,58,60,44,49,53,55,51,56,54,58,67,57,58,60,53,49,60,73,53,48,48,41,62,41,60,61,73,61,51,54,59
"47",22,44,38,23,42,30,36,31,27,29,40,43,40,41,23,32,31,26,32,31,28,27,28,43,31,33,31,39,46,36,52,24,26,25,16,45,39,27,22,33,25,36,34,33,36,29,49,27,45,20,38,23,28,43,34,30,28,31,31,41,32,22,38,32,42,41,37,25,33,43,39,25,35,33,24,32,28,49,26,28,32,32,32,41,30,30,48,33,40,18,44,22,44,18,37,31,26,36,29,34,38,22,36,29,34,30,43,28,36,31,41,33,39,41,40,35,29,18,20,29,44,30,28,35,32,31,28,31,35,28,26,35,27,43,45,30,30,26,29,36,34,32,37,34,34,32,36,31,21,27,21,23,28,43,30,37,27,33,30,31,29,32,36,23,28,26,49,35,36,30,23,33,32,41,28,30,41,38,41,36,25,29,40,27,47,35,29,28,17,20,26,49,20,26,42,35,37,31,23,33
"48",86,82,66,66,48,88,71,84,68,74,56,56,63,59,63,77,52,61,79,57,88,81,82,64,78,86,75,79,65,65,62,69,66,68,61,74,56,79,54,77,66,56,55,67,55,81,55,68,72,77,51,66,73,55,66,66,67,63,57,86,59,70,61,60,73,78,60,90,64,74,64,66,74,58,72,69,63,73,72,74,71,77,60,72,60,69,68,52,48,58,73,66,69,72,68,77,91,73,74,58,72,64,77,72,76,64,52,70,74,67,65,85,71,68,74,50,68,44,73,78,74,78,76,74,76,72,63,57,77,80,68,86,51,88,64,74,92,70,72,77,84,56,63,73,48,68,72,62,75,49,71,83,78,80,87,79,73,70,100,78,83,72,70,87,92,75,68,61,59,65,71,63,55,75,86,82,70,51,69,81,83,78,66,81,62,49,82,81,56,63,83,76,61,92,64,65,76,61,67,58
"49",34,38,38,25,35,31,40,22,33,41,51,34,40,40,33,26,43,23,27,39,25,30,33,29,37,33,35,42,34,25,31,19,21,41,27,31,29,20,31,32,35,38,32,22,33,29,27,29,27,43,24,42,35,22,22,45,36,38,38,36,31,42,35,26,25,28,31,30,35,32,42,37,33,22,39,32,36,42,29,37,18,32,32,25,26,38,39,27,43,31,33,37,35,40,44,20,32,29,22,34,31,29,26,24,30,23,40,26,43,30,42,24,51,31,20,29,32,22,38,31,29,22,33,31,25,25,25,50,41,27,43,33,29,36,35,33,21,16,35,33,38,34,35,37,30,41,35,20,33,37,21,35,32,39,39,41,17,43,26,27,43,32,36,18,25,31,23,29,25,29,38,34,33,27,27,17,23,36,31,30,20,28,32,38,44,43,28,33,30,25,33,34,34,15,33,54,38,36,39,29
"50",12,27,37,23,21,24,20,20,18,21,29,18,24,28,22,23,31,36,23,23,28,18,14,28,18,39,20,15,30,21,28,18,18,22,27,29,20,35,25,27,14,43,32,21,24,27,24,23,25,22,28,35,24,20,32,43,16,20,29,23,26,26,12,15,23,28,22,25,26,25,25,23,23,20,20,25,20,21,23,36,18,19,29,24,33,20,23,31,21,14,30,18,27,30,20,20,29,30,24,25,26,18,17,21,19,21,36,26,21,27,32,24,30,24,16,28,28,19,23,34,20,21,27,35,26,35,22,22,21,24,25,24,17,26,27,19,21,24,31,23,21,27,30,24,20,20,19,15,13,23,21,16,31,27,34,26,24,28,25,24,25,23,26,22,32,23,26,25,15,28,22,23,33,21,26,18,23,29,27,27,34,25,27,23,33,24,18,15,22,27,19,21,29,26,26,25,17,26,23,26
"51",28,29,25,14,27,33,34,21,30,26,30,33,28,31,39,18,26,23,25,31,24,31,36,18,36,34,18,29,29,42,28,19,14,20,26,32,17,19,29,21,36,24,25,20,27,19,20,21,29,26,17,24,26,20,23,20,25,25,30,38,26,36,11,20,21,13,23,36,22,26,22,23,23,19,19,26,25,19,31,18,31,13,21,24,23,27,25,26,25,32,21,24,25,34,30,22,12,15,26,25,13,23,17,26,27,24,30,25,23,31,33,25,26,25,26,37,36,26,19,31,27,26,34,21,21,24,23,24,34,23,24,25,31,33,28,27,20,27,30,30,21,23,34,27,33,23,28,21,27,30,27,39,29,27,22,30,28,30,29,24,28,28,26,15,32,28,24,20,31,13,27,32,22,29,25,25,27,30,15,21,31,18,24,37,25,31,20,20,26,20,21,25,34,29,21,31,29,31,16,25
"52",51,54,91,58,77,54,60,105,45,77,94,92,51,55,54,92,77,91,70,35,83,71,85,80,71,112,51,55,74,56,79,78,80,62,48,82,89,95,80,90,50,100,86,97,78,74,113,58,68,52,90,90,47,79,89,92,80,90,68,43,100,88,67,62,72,86,63,75,88,53,60,81,77,92,66,94,70,65,22,85,99,105,96,80,106,70,42,99,75,56,83,61,82,86,69,54,112,108,80,58,72,48,55,81,103,68,68,70,69,74,90,67,83,46,55,66,54,58,83,69,84,67,84,82,90,84,99,93,82,80,78,82,50,81,62,54,71,87,77,53,43,75,40,64,66,84,72,85,46,45,58,41,81,92,60,60,72,78,41,94,96,69,87,100,72,81,108,95,64,82,59,80,55,82,46,64,59,90,112,77,106,92,84,58,78,48,58,69,49,77,98,59,78,64,66,58,74,74,76,68
"53",31,37,32,40,40,55,36,19,31,47,51,43,57,40,53,21,45,36,43,29,24,38,49,45,54,38,42,56,38,25,37,31,27,52,30,48,40,23,28,30,41,40,57,31,47,31,25,39,61,55,30,41,46,25,33,49,57,17,38,51,39,68,20,43,43,30,52,31,51,44,74,62,37,24,53,43,47,37,26,22,26,46,37,35,20,32,40,26,38,33,42,34,29,60,32,26,26,29,22,34,35,47,33,46,36,22,37,26,46,41,53,16,65,41,30,46,45,34,42,50,36,49,37,37,19,34,23,54,47,46,24,47,34,52,28,58,20,40,36,60,48,28,51,36,37,30,39,32,38,53,31,37,37,37,33,40,33,38,37,23,28,45,36,31,35,35,29,29,39,31,29,27,42,56,40,24,32,67,11,22,33,27,38,37,42,52,47,28,50,38,43,29,31,17,23,54,39,42,37,37
"54",38,28,33,32,31,39,34,23,35,42,51,26,40,44,36,37,42,29,48,43,36,26,31,33,40,21,30,38,27,24,27,18,29,32,38,37,29,28,32,33,45,33,34,34,26,33,26,28,45,46,39,25,30,30,37,42,45,27,42,27,31,55,31,26,33,29,23,41,43,22,44,41,19,31,44,39,38,28,39,28,26,22,34,24,29,46,33,33,30,34,38,34,19,42,23,26,23,32,19,27,23,34,24,30,38,32,44,14,50,32,44,23,37,36,34,39,28,47,31,44,32,24,31,39,21,45,36,41,31,25,37,40,43,51,41,37,34,49,27,38,39,25,43,35,38,34,26,23,33,39,33,36,44,33,27,32,45,46,33,24,49,37,30,33,38,36,22,34,49,23,48,42,37,37,28,30,49,62,21,32,35,31,27,31,43,46,39,38,42,29,39,32,37,27,36,45,28,33,36,37
"55",60,43,48,57,57,80,78,26,57,73,80,75,106,90,86,42,59,41,55,64,51,71,56,57,65,64,85,82,78,36,83,44,54,68,64,79,62,49,42,40,57,64,77,57,75,43,55,55,81,90,49,73,75,31,47,80,120,38,62,81,67,101,58,56,66,67,69,66,63,76,124,75,56,47,78,81,83,56,46,34,47,54,52,47,37,80,68,53,85,55,94,76,87,76,57,32,35,58,35,62,54,59,66,51,53,48,67,54,104,81,75,37,85,39,49,69,90,56,52,71,63,46,72,62,37,70,54,82,88,57,48,82,68,59,55,86,43,65,52,82,73,65,80,70,74,78,49,55,35,95,47,61,75,78,63,66,51,88,40,49,63,72,76,38,48,74,47,62,63,53,59,70,69,76,58,40,41,95,44,32,54,48,51,72,92,83,48,72,78,57,42,51,80,46,47,95,75,77,56,74
"56",47,37,33,61,52,42,46,24,49,65,53,60,66,56,51,26,57,44,53,48,38,43,39,45,58,39,60,50,52,30,46,24,29,45,39,61,45,40,26,28,37,47,44,27,52,38,40,41,44,58,32,51,46,42,32,56,65,32,37,73,43,75,41,37,52,39,48,39,64,44,61,40,36,42,62,63,53,42,52,42,43,37,31,52,35,48,58,48,53,44,52,49,43,40,47,25,31,36,38,45,40,50,46,42,48,40,54,33,53,58,63,31,69,49,39,38,46,34,48,57,47,43,47,42,34,52,29,65,48,51,46,53,30,31,41,58,34,56,41,55,58,32,45,49,65,41,54,30,31,53,38,32,57,58,45,46,39,48,33,25,37,45,53,35,42,49,43,39,54,36,31,54,56,49,46,26,55,64,33,40,41,27,30,46,43,52,36,39,62,36,33,33,43,44,44,65,44,50,46,37
"57",25,29,22,25,25,30,27,24,25,31,52,30,45,35,27,24,25,25,38,41,29,19,29,27,43,25,43,37,29,12,35,23,28,32,24,33,34,20,16,25,16,35,37,30,49,27,41,21,33,44,25,38,34,25,11,42,48,35,23,46,27,51,35,30,49,34,40,21,36,30,52,37,29,17,32,40,44,36,24,21,22,27,43,20,21,36,46,27,33,17,45,28,58,27,27,19,19,27,29,33,48,30,26,34,25,34,31,27,38,33,30,20,47,32,28,42,47,15,25,38,25,26,31,31,20,27,26,41,41,40,33,30,35,24,32,51,16,20,26,27,30,20,20,37,36,41,32,18,20,32,22,12,33,37,33,40,21,33,20,23,31,27,39,19,24,30,22,25,37,18,24,25,37,34,28,22,27,39,19,18,29,14,42,29,37,48,23,40,27,17,26,30,41,26,26,29,44,44,30,34
"58",19,19,23,14,14,18,10,13,10,16,18,23,15,13,14,22,25,20,15,13,18,14,21,11,15,19,10,19,15,17,24,8,25,14,10,10,14,9,13,16,16,23,17,18,18,20,13,18,16,16,15,23,20,16,15,21,14,20,24,18,16,19,17,13,17,21,15,21,16,6,12,13,22,19,26,20,11,24,10,23,23,28,17,13,25,11,13,24,19,21,15,14,15,12,17,23,21,19,10,19,18,17,20,17,22,22,15,16,20,11,22,13,21,22,17,12,21,21,19,16,19,22,17,15,8,13,28,18,13,24,22,14,16,5,18,21,18,21,22,13,16,12,13,15,18,23,11,17,17,16,24,12,26,22,17,22,19,25,8,21,22,19,17,20,19,22,18,22,16,13,20,17,22,13,10,7,15,24,15,13,14,14,14,10,17,16,10,18,24,20,11,16,21,17,12,18,12,26,15,11
"59",32,30,33,38,40,40,27,13,33,31,55,41,42,34,24,26,39,25,35,46,30,25,38,33,35,41,41,41,34,29,40,29,32,34,24,55,26,37,27,25,24,29,46,29,44,22,39,34,35,36,29,27,42,27,28,48,46,40,26,46,36,55,24,28,40,50,31,20,30,34,63,35,44,37,34,43,47,29,29,40,25,27,50,28,24,28,46,25,49,38,54,33,54,36,23,15,23,31,24,49,44,24,42,28,28,24,61,35,52,46,49,24,53,31,39,44,37,25,39,52,28,32,38,45,20,40,53,52,55,29,37,46,43,34,43,55,28,39,30,50,38,32,45,46,37,45,29,35,18,40,36,25,31,45,49,37,37,35,26,27,25,39,40,19,36,37,23,32,40,15,37,41,45,43,43,17,28,58,29,23,36,28,35,38,52,71,36,30,37,33,38,31,49,30,44,44,39,50,47,29
"60",31,29,38,34,31,25,34,34,29,37,63,43,35,31,27,32,29,33,31,27,32,19,36,51,27,33,39,42,33,28,35,30,41,30,27,34,33,38,32,27,31,36,45,29,36,34,42,25,35,38,32,30,39,29,18,55,38,35,32,44,32,47,29,32,30,44,28,29,38,33,42,34,39,39,32,40,29,33,38,41,39,31,42,29,27,37,39,48,32,27,42,33,48,30,29,40,36,39,33,38,38,29,25,39,36,31,31,34,36,39,57,24,38,27,27,37,34,29,25,41,24,41,34,40,20,48,29,41,36,32,33,26,29,28,36,38,25,40,38,39,39,34,20,46,33,35,29,31,32,25,40,29,32,39,39,38,41,46,20,34,45,30,38,31,38,35,47,35,33,34,31,37,42,31,29,25,22,53,37,34,35,25,42,29,35,41,29,22,25,39,27,34,45,39,32,45,38,52,35,29
"61",30,39,39,43,54,40,35,32,43,50,45,53,47,39,40,44,38,37,44,45,28,42,36,35,45,40,30,30,37,39,45,31,41,47,39,51,41,37,32,46,51,47,43,43,49,29,47,42,36,44,42,49,31,41,43,55,44,51,44,50,55,44,33,39,48,57,51,40,40,35,62,60,44,41,42,55,37,50,30,43,33,40,34,38,35,44,47,54,39,38,46,33,51,41,46,40,30,49,42,39,37,34,43,39,35,38,51,41,40,34,52,29,48,34,42,38,47,27,48,60,42,32,48,49,38,49,40,37,48,50,43,34,28,34,46,47,32,61,40,46,49,40,34,43,50,39,38,43,37,45,39,36,43,52,49,51,40,47,23,34,39,40,42,37,35,37,46,45,48,30,43,48,35,39,43,32,36,51,40,27,34,35,45,28,35,47,50,52,26,34,41,36,41,33,24,48,51,46,47,35
"62",19,18,19,20,14,17,15,16,19,20,20,25,12,15,28,22,17,18,18,24,16,13,15,23,27,9,21,25,18,19,24,17,16,29,17,14,16,15,18,14,18,35,19,21,9,12,11,35,14,29,16,17,17,25,12,20,18,25,26,25,23,20,17,19,19,19,13,19,26,12,12,17,19,18,15,27,18,24,37,21,26,21,22,18,15,27,10,29,24,19,24,16,25,10,19,23,20,16,22,15,14,16,13,18,21,25,24,18,17,17,15,21,23,34,10,15,22,18,32,11,16,27,22,25,21,29,10,11,19,25,18,19,17,30,27,24,24,21,19,22,19,27,20,21,24,24,17,15,27,25,26,19,28,21,22,17,25,16,25,16,20,22,23,10,18,14,18,10,26,17,30,22,17,22,24,15,16,16,14,22,17,24,24,18,19,8,17,14,25,28,19,20,17,19,22,24,29,20,18,19
"63",26,24,26,19,20,30,23,21,31,27,34,17,32,16,26,24,22,13,18,32,24,31,27,26,30,17,37,28,25,22,30,27,24,22,18,29,18,13,26,18,32,16,25,18,27,19,18,25,27,38,25,20,30,15,19,32,32,17,28,25,21,35,15,21,23,27,28,22,26,15,22,28,18,26,22,23,26,18,26,22,15,25,24,32,20,19,23,25,23,23,28,16,30,22,23,24,20,22,17,32,16,22,22,20,30,13,25,18,17,22,28,22,34,22,20,18,18,24,20,25,12,23,22,21,20,17,18,25,24,39,20,25,20,27,21,33,21,33,28,19,25,24,22,32,20,16,16,24,22,26,29,20,24,26,27,27,24,21,16,27,23,25,26,11,20,25,25,24,26,17,31,20,21,26,29,21,28,23,12,21,20,17,24,28,30,26,24,15,44,16,17,15,22,19,21,22,19,26,23,29
"64",39,33,51,51,45,46,48,36,37,28,67,46,41,34,57,50,45,36,44,48,45,37,43,44,57,44,65,52,37,42,37,37,38,49,38,38,27,33,34,31,49,46,52,31,37,36,43,47,39,45,29,44,49,57,26,54,55,56,43,61,47,36,39,44,46,52,40,42,43,40,55,43,39,39,47,55,32,43,60,31,45,27,41,45,32,63,40,45,46,46,52,38,40,40,47,52,42,36,47,41,44,37,48,43,45,52,59,47,48,43,52,38,51,76,49,46,49,43,49,48,50,49,35,48,36,40,31,38,55,33,54,44,50,50,58,66,37,45,43,39,48,41,60,49,44,50,46,36,34,38,48,43,52,41,33,52,40,48,54,42,39,40,52,45,47,40,44,38,50,30,46,51,38,39,59,42,45,42,41,54,38,42,40,40,37,45,31,25,47,43,29,42,53,46,40,40,45,44,60,30
"65",77,135,146,60,98,150,131,137,115,124,61,91,134,81,83,114,100,101,135,116,128,97,101,77,123,137,87,128,106,91,105,60,133,142,100,154,83,78,124,93,110,70,82,70,89,79,79,95,155,119,102,128,120,75,95,117,93,97,132,136,98,126,100,71,131,94,105,69,90,154,72,132,110,93,63,98,113,106,102,182,105,116,80,104,111,150,85,76,135,109,133,107,121,164,121,120,120,82,115,141,96,102,103,116,121,99,79,108,92,107,112,148,106,95,84,112,107,52,115,95,91,74,116,110,103,132,118,107,141,95,124,130,107,137,103,108,117,81,115,108,181,118,122,134,70,89,138,83,118,131,157,123,124,112,131,67,119,143,148,100,120,67,107,104,156,85,108,115,81,94,135,87,90,110,91,68,101,105,93,105,79,84,130,127,131,129,148,130,129,75,119,114,83,170,86,141,137,82,96,90
"66",25,30,24,23,34,26,23,32,29,28,40,35,34,28,26,22,28,32,30,36,32,27,34,29,34,29,32,32,38,24,23,22,21,34,23,45,32,27,23,29,22,29,26,36,33,10,27,29,27,26,47,41,26,32,23,28,29,32,25,33,30,29,28,19,32,31,25,26,27,23,25,26,32,32,29,39,24,31,37,37,35,30,34,26,36,25,27,31,24,26,34,26,31,26,47,24,24,33,38,41,29,23,27,32,37,30,26,33,23,25,45,29,38,34,38,33,18,22,42,26,28,37,37,29,30,23,35,21,38,27,30,40,22,28,29,32,40,29,29,22,36,24,20,30,23,35,29,34,21,32,33,19,40,40,32,39,38,35,19,29,35,23,34,27,30,33,28,25,25,31,32,26,39,34,24,27,23,34,34,29,33,19,36,22,22,28,22,34,29,34,27,38,35,34,25,26,22,30,24,29
"67",62,101,89,51,57,88,92,88,69,71,66,79,83,50,87,65,97,87,85,91,89,70,94,78,85,111,71,84,128,67,90,51,98,99,58,105,73,71,75,76,71,73,77,60,75,63,55,79,95,89,96,77,97,85,75,88,64,60,101,88,63,117,71,48,90,69,56,65,68,94,63,92,88,77,60,70,87,74,79,112,77,75,82,61,69,81,68,88,86,68,97,86,80,104,100,76,82,84,87,93,55,77,79,103,67,82,80,78,76,70,77,79,85,80,78,88,85,57,87,64,84,60,70,77,91,67,76,63,87,82,92,89,85,99,80,94,80,67,86,85,112,101,99,81,64,81,84,68,75,88,89,83,81,117,87,61,115,80,80,74,84,60,75,71,101,80,77,76,78,66,112,70,63,72,70,73,63,77,91,72,70,77,81,75,82,62,100,63,78,57,75,86,81,102,76,98,84,73,61,78
"68",63,94,95,55,74,88,62,84,92,70,69,65,74,76,78,69,87,84,82,89,73,57,63,58,78,78,80,100,77,76,62,30,76,70,53,112,72,56,69,64,61,48,65,58,63,47,57,63,77,82,87,74,92,76,56,77,90,63,82,113,80,72,59,78,64,63,52,40,77,65,60,92,94,72,53,61,64,64,87,92,69,50,71,76,81,71,64,73,79,62,89,79,77,76,97,74,76,74,81,109,67,53,74,66,73,79,76,43,57,56,79,84,62,99,72,66,71,75,74,59,84,59,83,82,71,78,70,75,88,76,81,88,76,71,83,66,81,84,72,65,82,72,83,92,57,81,76,59,76,86,80,79,81,95,80,70,87,68,86,71,69,52,62,56,97,93,66,62,77,70,76,61,62,76,66,75,58,76,66,66,82,50,91,72,85,73,89,86,78,66,68,74,77,81,65,86,76,85,61,56
"69",38,40,46,31,34,55,47,55,52,42,31,40,53,29,40,47,47,57,72,47,47,39,54,28,53,67,38,58,47,52,42,22,49,45,34,54,31,34,52,49,49,35,34,28,43,37,28,30,53,44,42,44,44,38,31,56,43,45,66,37,54,56,25,22,34,34,33,29,37,34,31,51,54,44,34,48,38,40,32,66,44,37,35,30,42,71,30,26,42,48,49,46,45,61,38,47,47,38,47,52,42,59,39,46,47,43,30,41,33,40,48,62,39,43,32,64,43,28,44,29,42,32,40,35,53,60,46,38,65,31,62,42,28,57,32,40,56,39,57,57,61,45,42,62,41,35,37,32,32,52,74,62,52,51,47,27,35,47,53,43,58,25,47,31,49,45,42,49,32,37,48,42,42,43,38,30,40,41,42,37,38,64,42,43,55,53,45,34,46,29,54,39,29,55,41,44,45,36,33,45
"70",30,44,40,32,27,38,29,22,37,29,29,44,30,43,30,39,34,39,50,31,39,31,26,34,41,44,33,42,36,30,31,25,29,21,26,31,28,39,26,35,36,40,24,21,27,23,29,36,33,35,35,42,29,41,29,37,25,23,40,43,26,39,24,26,25,37,29,38,34,27,22,40,40,28,35,33,27,23,34,39,32,19,38,28,28,48,30,41,40,36,38,29,22,42,44,24,28,41,33,35,24,31,31,21,29,36,28,17,34,29,44,30,34,28,22,41,25,35,32,35,34,30,42,38,17,32,32,37,51,28,29,37,21,34,49,38,39,33,35,35,29,29,25,41,24,43,28,27,24,31,40,28,38,31,43,34,41,33,29,20,35,25,31,36,36,39,27,32,29,32,42,28,34,42,38,38,23,37,38,34,39,23,35,23,33,39,20,22,37,29,18,35,28,34,33,33,38,46,29,36
"71",41,61,62,30,54,64,53,41,40,40,46,42,52,44,41,42,55,56,56,43,51,29,48,45,46,52,55,58,41,46,31,27,41,56,30,61,44,37,46,46,36,38,41,48,35,34,41,30,46,56,52,59,51,44,41,39,46,35,59,51,36,42,38,42,52,57,34,49,50,31,42,59,61,39,35,44,43,39,38,64,51,35,51,43,42,37,30,46,40,35,58,37,48,48,53,38,36,58,38,41,44,38,36,45,42,51,57,36,37,32,51,56,40,64,44,38,48,27,43,46,40,39,52,52,48,44,48,48,43,23,37,49,40,63,48,42,50,51,64,44,45,31,45,52,37,45,51,43,42,37,41,52,59,53,43,38,41,56,46,47,51,25,34,33,57,53,36,41,46,58,50,37,56,41,35,36,54,57,49,51,44,37,40,47,53,35,47,48,41,39,46,40,53,54,44,54,50,42,50,37
"72",43,52,54,35,27,36,46,54,43,42,49,45,43,51,43,47,61,61,69,49,43,46,46,37,50,54,34,44,39,51,57,27,39,42,33,51,42,38,51,40,36,51,37,43,33,36,60,54,54,47,46,45,40,60,37,49,34,45,61,44,54,49,33,28,39,50,28,31,43,46,19,57,32,52,30,44,38,43,48,54,37,45,50,39,52,54,29,45,43,46,48,35,47,46,69,46,55,49,54,36,41,37,38,44,55,52,50,38,44,24,51,48,51,49,38,49,40,24,46,40,42,42,51,53,45,42,41,43,51,45,64,60,35,65,37,42,42,53,49,63,51,48,40,58,56,49,29,38,41,43,56,53,54,54,42,28,56,48,53,30,42,28,47,44,71,63,43,53,49,38,53,46,64,52,49,42,32,56,35,54,56,46,50,42,54,65,33,40,39,55,45,38,37,64,50,59,44,37,58,48
"73",39,44,47,30,37,56,50,49,62,45,52,37,53,48,37,57,47,42,59,63,52,34,42,33,51,43,47,59,46,32,52,35,44,58,37,74,41,35,65,36,32,43,38,25,39,49,38,41,42,50,40,49,56,28,36,68,48,31,41,43,45,57,48,36,50,56,44,36,35,37,46,71,31,50,24,43,51,60,37,47,46,33,46,34,51,56,37,43,54,47,66,49,70,59,64,40,49,48,55,66,48,53,45,56,58,42,48,55,40,55,56,51,51,29,43,54,46,17,49,37,46,45,43,55,54,44,46,47,59,41,47,51,43,53,43,47,53,42,53,50,58,46,45,62,48,47,59,34,48,53,62,59,64,50,52,39,46,37,53,36,57,42,38,39,54,47,51,54,59,35,56,44,40,44,34,34,50,53,51,42,53,45,64,44,48,55,66,56,45,32,58,56,41,53,41,61,36,52,45,36
"74",21,25,24,23,20,21,25,29,8,12,15,24,21,17,15,12,14,22,17,18,16,19,13,23,35,13,14,23,14,16,28,15,15,8,23,21,23,30,10,19,16,22,26,18,21,19,12,16,23,21,14,15,23,22,17,17,16,19,20,18,13,20,9,16,18,19,15,25,19,17,17,18,32,25,15,18,11,19,18,17,18,21,21,20,24,19,21,19,22,20,23,13,13,19,25,26,23,21,30,27,11,15,19,21,21,27,27,26,20,25,20,23,19,23,23,18,13,24,22,15,22,25,29,22,21,21,17,18,16,13,23,34,23,22,19,16,20,21,27,23,15,19,20,21,19,19,18,20,16,19,22,17,22,26,23,21,28,26,22,19,20,17,13,17,27,24,24,27,22,24,25,23,22,22,22,33,21,31,21,20,26,24,27,21,28,18,18,22,23,18,14,14,24,24,25,12,16,33,22,19
"75",27,47,59,28,36,43,43,45,27,43,44,43,51,42,49,33,40,51,47,47,43,36,28,42,34,42,44,38,51,25,37,32,40,39,33,30,38,32,35,40,38,41,49,35,39,30,31,28,52,42,47,40,40,38,36,48,31,30,39,48,33,49,38,31,36,32,37,35,45,41,38,35,32,40,21,33,40,28,19,42,39,42,52,31,34,51,25,52,33,38,36,23,41,31,40,23,32,38,38,36,40,25,34,39,51,46,40,31,40,34,64,42,41,42,34,44,37,27,39,28,42,26,39,41,39,35,34,44,31,34,38,47,36,48,41,39,35,40,30,31,47,32,37,52,31,38,34,23,26,41,40,42,44,36,36,24,37,44,32,35,30,32,38,48,36,41,27,32,48,20,37,35,36,46,33,33,34,39,34,46,51,38,26,36,51,33,27,33,31,30,34,32,39,44,48,44,40,43,43,36
"76",43,37,39,33,43,48,45,44,32,47,44,37,37,30,27,38,42,48,49,46,46,34,21,38,33,46,41,35,34,45,43,27,32,48,33,64,33,32,28,36,40,32,35,36,42,39,31,33,53,36,30,38,36,36,30,39,32,31,47,43,40,48,31,31,34,42,26,25,45,34,33,47,32,26,35,41,34,44,41,59,37,34,32,35,48,40,39,25,36,41,41,38,59,41,51,35,38,33,44,50,33,30,40,40,32,38,44,37,31,38,50,38,33,42,48,48,36,26,38,24,32,31,40,44,42,56,39,39,49,39,41,47,37,34,35,35,41,48,33,39,43,26,38,30,41,55,37,35,28,40,48,40,44,45,42,32,46,42,40,31,31,34,37,35,45,46,38,40,44,39,51,32,60,44,27,33,29,47,33,48,40,47,47,31,51,44,29,37,37,34,36,39,40,44,38,45,42,35,37,34
"77",62,56,67,42,44,77,62,72,61,49,59,47,56,42,53,57,54,69,75,68,69,61,46,45,60,52,52,67,70,59,54,25,65,68,45,80,43,52,68,61,64,43,43,51,35,46,37,48,59,52,56,85,63,47,46,83,50,56,72,64,47,81,56,29,53,55,52,46,43,54,44,74,59,66,45,66,62,61,59,80,62,56,59,57,51,80,64,66,51,60,72,57,84,78,64,55,70,60,72,52,65,60,57,58,56,65,37,51,53,56,76,60,53,50,33,52,58,33,69,39,39,50,50,63,46,68,63,83,69,60,56,62,46,61,57,44,76,57,67,47,74,63,65,67,50,62,58,49,44,68,84,58,81,64,74,35,48,63,55,60,55,59,51,45,73,43,59,49,53,44,76,51,58,55,58,49,47,76,57,49,39,55,50,55,54,77,59,49,70,54,72,65,51,65,49,73,65,58,56,43
"78",36,38,40,23,33,42,29,32,31,24,36,41,26,22,27,44,36,53,29,33,37,31,35,39,44,59,38,40,35,27,32,29,28,32,25,32,41,49,24,41,33,43,37,32,43,32,50,31,39,38,40,51,33,38,29,44,24,22,40,42,41,41,33,18,38,40,31,40,31,33,34,33,33,32,34,40,25,39,25,50,41,29,29,30,40,36,28,36,30,36,30,23,32,39,37,44,40,46,35,43,33,36,31,30,34,34,41,46,37,33,40,33,32,37,47,30,30,29,39,28,34,38,32,35,38,38,33,32,30,32,33,37,31,31,41,37,37,37,37,27,22,30,29,40,46,44,25,35,22,26,30,43,38,36,29,49,34,38,23,41,41,29,43,43,42,39,51,31,27,34,37,43,40,26,32,32,38,43,47,36,42,26,48,30,50,26,32,34,32,41,31,42,28,31,45,25,19,37,26,24
"79",21,47,44,22,25,35,29,45,29,40,38,33,27,37,39,44,28,44,36,41,35,31,30,39,32,41,30,39,41,26,29,22,37,42,29,43,33,25,43,40,33,37,38,27,31,41,35,26,44,35,39,43,30,45,38,45,30,40,35,35,41,41,32,28,43,41,28,32,30,35,25,48,41,36,22,39,46,28,36,49,34,27,31,28,41,40,34,35,37,32,29,28,47,32,34,32,37,45,39,35,35,38,29,47,30,31,29,27,30,33,33,27,28,27,33,37,34,30,36,31,39,31,33,33,32,39,35,32,34,32,39,41,32,42,31,34,34,41,30,36,41,29,29,40,26,36,36,30,21,40,40,34,37,42,30,27,47,41,34,45,33,20,34,31,44,33,35,31,26,31,31,36,35,31,32,29,35,43,33,53,39,42,38,28,45,27,31,34,34,38,36,32,31,26,27,52,35,34,33,49
"80",46,59,59,47,51,70,58,65,43,47,62,48,56,58,39,60,71,67,55,68,45,43,56,44,50,52,51,64,54,56,56,35,52,53,59,54,50,42,57,58,53,56,55,46,51,47,55,44,44,58,76,64,56,55,47,55,55,41,65,55,56,61,45,37,50,61,39,51,60,50,48,50,55,53,46,50,54,44,32,59,46,61,53,53,59,57,54,58,62,55,72,45,62,52,67,46,57,60,47,59,54,41,47,48,48,49,68,41,55,47,64,47,70,51,40,69,53,39,54,50,52,37,64,50,50,68,64,50,54,46,48,53,59,59,56,59,53,61,65,36,48,54,45,54,49,67,64,46,32,49,63,40,42,62,57,53,48,50,39,48,54,39,67,60,67,60,61,42,57,46,41,59,41,61,49,45,52,63,51,43,57,48,73,55,53,44,56,49,51,45,42,53,46,75,53,51,54,52,53,54
"81",25,18,12,22,17,18,20,11,20,25,20,27,20,13,22,16,19,8,20,22,18,15,18,26,21,16,27,34,17,17,16,26,17,22,19,17,12,21,13,17,27,19,20,14,23,14,23,21,14,24,15,22,16,13,20,21,29,18,21,17,12,22,17,12,16,24,22,23,16,18,24,23,14,17,20,21,25,12,17,17,17,11,24,23,20,12,12,20,13,18,19,17,17,13,13,18,22,19,18,17,16,16,13,17,19,18,32,19,20,12,29,18,24,26,14,15,25,27,13,17,23,13,10,15,16,22,19,13,30,11,22,19,23,20,19,16,17,20,21,15,13,10,16,31,18,21,17,18,13,17,15,11,22,18,16,13,24,19,23,20,14,13,19,17,16,17,16,15,20,17,25,22,13,22,22,15,11,22,24,15,20,13,17,14,11,18,16,15,20,25,16,19,26,17,18,15,11,20,19,16
"82",11,10,12,7,8,11,9,12,8,10,9,11,9,5,5,7,11,8,10,6,9,3,7,7,13,6,9,12,3,6,4,8,4,6,6,4,8,10,5,6,6,8,9,4,5,6,1,7,8,13,4,5,7,8,4,8,9,7,7,8,7,4,5,5,4,6,5,17,9,5,4,7,11,7,7,5,4,7,10,4,12,5,7,8,9,7,6,13,3,8,12,6,6,6,11,15,9,8,10,11,3,12,8,4,11,13,9,8,10,5,7,8,13,19,11,6,13,8,9,11,6,10,2,6,9,9,6,6,11,10,8,10,7,8,18,9,7,11,16,8,6,11,8,10,7,15,13,4,10,5,10,8,8,12,7,15,6,11,9,9,9,11,7,4,6,15,4,6,5,12,14,11,8,5,8,8,5,12,6,11,10,5,7,5,12,8,3,7,11,9,12,11,7,12,12,6,7,5,9,9
"83",11,23,21,26,13,26,18,15,15,23,21,20,23,11,34,17,20,16,20,19,21,20,26,17,15,22,28,25,18,19,16,17,11,15,15,28,20,15,10,9,16,15,15,13,13,13,14,20,19,21,15,26,25,13,17,17,27,21,18,29,17,21,15,11,21,29,12,14,21,11,12,13,24,16,17,18,16,28,29,15,14,17,24,19,19,26,20,11,26,21,21,20,20,26,22,19,14,26,16,19,14,26,13,12,16,20,22,9,17,13,21,13,24,19,22,18,23,20,23,15,30,17,17,15,9,21,17,18,26,17,16,28,19,18,24,21,16,28,11,21,14,12,22,23,18,21,26,16,23,15,24,25,24,14,18,28,15,19,22,14,21,15,16,15,20,18,12,13,19,17,20,17,16,19,14,19,14,25,17,20,15,14,20,19,16,17,21,13,15,11,16,21,19,28,21,18,17,20,14,18
"84",27,32,30,30,24,32,23,35,28,40,38,39,33,19,32,33,33,36,24,32,33,28,34,27,36,28,33,25,22,40,29,43,28,40,26,30,23,32,36,23,28,33,35,24,25,20,24,29,30,25,25,27,32,38,35,36,19,27,26,28,31,36,12,28,21,32,27,39,18,24,16,26,38,33,24,28,36,35,42,28,33,37,35,28,38,33,16,23,25,21,31,34,32,28,31,23,35,29,28,25,27,25,21,29,41,42,35,24,28,27,22,26,37,31,25,17,22,22,33,33,34,27,32,22,31,34,16,25,29,29,36,27,32,23,25,24,35,40,25,28,22,24,24,27,17,24,31,31,31,10,28,32,27,30,29,28,33,25,37,32,28,19,29,30,33,40,28,25,23,27,32,38,19,27,30,26,25,14,29,36,40,24,26,29,36,17,22,25,23,42,32,30,33,29,27,19,26,33,22,27
"85",10,13,18,15,8,17,13,17,17,11,24,19,10,19,17,19,21,15,22,8,10,20,18,24,29,22,9,24,16,17,18,21,16,16,13,13,20,24,18,12,16,15,19,23,11,21,22,10,13,16,25,16,16,23,16,23,18,16,29,13,17,29,11,12,20,18,11,17,23,13,14,20,9,22,13,11,15,17,14,19,20,14,23,18,20,13,9,22,15,14,16,10,14,17,17,25,22,22,17,10,22,8,17,16,22,18,15,18,13,17,28,7,15,11,7,23,17,21,17,18,17,15,10,21,20,12,13,12,12,12,9,16,12,18,9,17,12,16,21,16,8,10,15,17,19,13,14,26,10,15,14,23,17,15,12,12,14,23,7,15,25,15,13,23,16,20,18,15,11,24,20,24,10,12,8,20,20,15,16,19,28,22,22,13,9,7,15,13,14,20,25,13,14,15,10,18,17,11,15,18
"86",13,14,23,8,10,17,13,11,12,10,31,11,14,15,13,16,19,16,19,18,16,16,12,13,17,8,17,15,18,14,7,6,10,17,10,7,13,14,10,11,16,10,11,17,8,6,16,15,9,18,10,10,8,9,12,19,5,20,16,21,9,19,10,17,15,12,13,18,9,9,13,12,16,13,20,18,6,21,21,15,17,13,16,17,15,11,12,17,13,12,13,12,8,22,14,14,10,10,14,14,10,17,6,15,10,11,13,13,15,16,24,11,14,20,10,14,12,8,10,14,14,21,14,13,4,15,10,16,8,12,19,14,18,14,20,17,12,18,9,9,12,13,6,14,9,16,8,6,12,13,13,11,10,15,10,10,18,13,14,13,15,15,18,16,17,19,14,9,18,10,20,14,20,13,7,11,11,13,10,21,14,17,21,11,15,18,7,11,10,13,10,11,8,13,9,12,11,21,7,15
"87",29,30,32,34,25,32,27,21,19,31,37,23,43,32,28,31,25,30,29,30,25,18,21,28,40,30,31,30,34,20,31,24,23,29,17,32,27,26,24,29,26,24,38,15,16,20,21,28,25,32,35,35,35,19,24,42,35,27,27,39,27,44,25,24,25,27,32,24,33,19,38,33,18,23,30,35,28,28,29,32,37,25,34,24,26,30,27,38,35,30,31,15,35,22,36,20,17,32,26,25,24,25,31,15,28,23,34,17,31,18,37,20,26,28,24,29,26,31,35,29,22,26,19,29,15,25,25,29,37,32,25,27,21,26,23,33,21,31,16,32,33,21,32,33,28,32,15,28,33,33,24,28,23,28,23,27,27,33,19,16,36,22,32,13,18,27,27,27,28,30,26,22,32,27,25,21,27,30,23,22,26,23,30,22,29,39,18,33,26,28,16,19,35,23,34,38,26,20,29,23
"88",27,40,40,26,51,39,30,43,32,35,60,37,35,37,28,43,59,45,32,24,44,34,32,45,38,61,44,29,38,39,55,33,18,38,23,25,40,47,35,40,32,43,51,42,34,26,46,27,34,40,42,30,28,49,34,40,45,38,46,34,33,46,30,31,38,42,36,42,59,24,32,35,35,36,29,37,20,33,39,35,49,53,54,35,37,41,31,52,33,24,50,38,45,45,38,32,60,56,32,33,46,34,29,41,38,39,49,33,50,28,48,27,45,27,47,26,43,25,46,39,46,44,32,45,30,49,43,41,49,44,31,45,30,43,41,30,38,45,51,35,24,31,37,39,41,46,40,45,20,21,36,27,33,44,32,32,38,39,31,34,37,32,46,44,53,41,55,41,30,51,37,42,36,41,34,25,37,48,39,36,40,32,42,23,45,23,27,21,30,42,25,26,41,25,30,30,37,41,45,50
"89",11,16,17,13,13,24,11,9,12,14,27,9,13,12,16,13,24,18,12,21,8,18,20,20,17,11,15,19,16,9,15,16,10,13,19,8,3,10,10,14,18,18,18,8,9,10,10,14,10,15,14,12,12,12,9,21,18,6,16,23,6,19,8,19,11,7,14,22,17,7,20,23,17,17,18,18,15,13,20,14,16,20,14,17,4,14,13,7,13,18,19,8,10,20,11,4,9,15,4,13,12,15,8,13,18,14,13,3,16,19,10,9,17,10,7,21,14,14,8,17,12,12,11,12,6,10,11,6,19,13,8,19,17,19,12,14,9,20,14,15,13,13,8,14,14,7,10,14,13,16,11,15,15,15,8,21,16,16,13,8,15,18,12,12,17,16,12,6,10,19,17,7,15,16,8,10,21,16,8,5,6,12,8,14,11,20,11,12,13,20,17,10,12,11,10,17,10,11,14,24
"90",7,6,7,9,6,6,4,5,5,6,7,5,5,9,4,5,3,4,2,5,7,5,8,1,3,4,6,3,6,3,2,3,6,1,2,3,3,5,5,2,3,6,7,7,3,2,7,9,3,1,11,3,6,1,6,9,5,2,6,1,3,4,3,5,3,1,4,6,5,4,5,5,2,4,5,7,2,6,6,3,5,4,7,3,7,2,4,6,3,6,5,3,2,5,6,9,6,6,4,8,7,2,3,7,0,12,4,3,3,4,7,6,6,2,3,8,3,6,5,5,7,7,7,3,4,5,9,0,4,1,5,3,4,7,11,4,10,4,3,5,4,6,8,4,10,5,7,3,1,6,3,3,7,2,4,5,7,2,7,3,2,10,4,5,5,5,4,4,4,3,8,4,0,13,5,9,3,6,7,10,3,8,3,1,8,7,6,1,3,6,4,3,6,7,5,6,2,2,6,1
"91",46,41,29,39,41,67,51,11,30,46,51,29,60,61,52,21,43,41,37,50,37,46,48,41,49,30,33,61,33,36,33,27,32,42,44,27,34,38,39,38,62,46,44,30,36,29,25,49,43,52,29,41,48,27,54,51,59,15,36,44,38,68,30,57,26,40,63,54,32,25,77,49,34,38,37,35,52,34,51,24,35,44,42,38,22,48,29,27,49,68,45,44,29,61,31,21,27,30,15,21,10,56,25,53,46,24,55,21,53,58,45,24,46,29,34,37,36,59,39,76,49,41,40,46,25,21,39,46,48,58,15,56,62,59,18,41,34,57,43,42,32,32,53,55,49,19,31,49,52,39,28,58,36,29,32,52,43,63,32,38,75,44,30,29,43,49,27,25,41,40,42,21,34,51,12,33,43,42,13,40,23,38,25,48,41,34,47,33,57,32,41,26,25,26,39,61,35,50,24,51
"92",17,16,19,12,19,14,13,16,12,12,27,11,12,17,16,16,24,17,16,17,15,18,15,15,19,16,13,16,13,20,15,16,11,11,14,17,24,19,19,10,16,17,22,13,12,10,17,15,14,13,16,19,11,11,18,15,15,21,27,14,18,29,9,9,12,17,11,20,20,14,12,26,19,11,15,23,12,14,21,24,12,12,13,11,19,12,15,17,12,17,11,17,14,12,20,13,18,21,15,10,9,14,23,11,12,17,16,12,17,20,17,7,26,14,15,13,12,16,14,19,23,16,16,19,16,16,12,20,20,20,17,19,16,15,15,19,10,31,11,11,7,13,12,16,17,19,16,17,12,11,16,13,24,15,16,13,18,27,13,9,15,14,17,16,17,24,10,14,12,15,16,16,17,23,4,14,15,15,12,17,19,13,21,17,20,6,9,11,16,18,15,11,17,16,14,10,11,8,19,17
"93",31,19,37,15,31,37,38,34,36,35,31,35,19,24,47,29,32,20,28,19,35,22,34,34,28,33,14,40,32,22,25,41,35,24,24,25,24,20,34,34,33,35,29,34,21,14,40,37,40,29,38,25,19,36,17,24,23,27,29,27,29,40,26,21,27,24,29,28,37,24,37,23,22,33,20,21,29,20,34,41,36,26,45,30,29,23,22,32,15,23,30,25,29,34,30,35,31,40,30,21,26,34,35,17,34,29,29,32,27,12,37,28,26,26,17,22,22,26,19,27,34,31,26,28,24,28,24,25,38,40,32,35,33,23,26,20,22,23,34,22,19,32,16,19,28,23,30,39,28,18,39,25,27,20,20,30,39,45,25,31,33,27,26,33,34,37,41,20,27,26,26,24,23,33,31,34,26,22,42,37,27,22,25,34,23,22,32,27,40,39,38,15,24,20,29,31,18,29,21,22
"94",15,10,17,12,16,14,17,13,10,10,15,14,23,13,17,17,15,15,22,22,12,5,11,14,21,8,21,19,15,19,15,14,4,9,16,14,11,21,10,11,12,19,12,8,9,4,9,13,13,14,12,10,15,30,7,12,16,19,18,17,13,12,9,7,8,20,14,23,15,12,4,16,17,16,12,26,12,16,33,12,14,5,13,16,17,17,11,9,9,19,18,11,13,5,12,20,18,16,12,20,8,15,8,5,8,18,15,14,19,9,15,18,22,32,13,13,12,15,10,19,17,20,9,15,14,12,9,10,17,11,14,5,14,23,19,16,14,11,20,15,10,12,14,12,23,12,20,11,8,13,22,20,22,13,14,15,19,17,14,6,16,12,18,15,14,20,15,13,13,14,22,23,14,17,13,20,11,19,9,24,14,10,9,8,8,17,20,10,15,16,7,15,15,15,17,10,14,18,14,13
"95",15,17,23,32,18,29,25,21,22,21,21,25,20,23,13,12,29,11,23,27,20,9,19,12,29,19,22,23,31,19,16,21,16,22,12,22,14,15,19,23,26,15,23,16,19,11,25,12,18,31,18,28,21,25,11,32,27,14,33,26,23,26,20,18,29,25,15,24,27,29,22,24,19,24,17,26,13,20,22,16,23,17,23,24,18,25,27,25,22,17,23,16,22,25,21,22,19,13,18,28,16,23,23,16,23,30,17,22,20,17,28,24,26,30,15,21,23,21,18,14,22,17,22,18,14,30,15,18,25,27,18,26,29,25,26,31,13,33,13,26,22,10,26,31,25,20,21,15,14,21,29,25,23,21,20,26,14,20,23,24,19,16,11,11,26,27,16,14,19,23,26,25,21,23,17,19,23,31,24,28,15,15,26,20,21,35,20,14,25,21,15,15,18,13,26,25,17,25,27,12
"96",51,73,57,49,53,59,51,72,60,48,74,67,46,49,62,59,62,60,72,47,71,59,60,64,63,59,62,69,71,44,47,65,43,49,60,53,69,53,57,50,47,63,71,54,53,63,62,69,46,58,67,48,40,57,51,57,56,83,68,53,58,70,43,50,65,81,52,77,67,39,46,59,63,59,67,60,57,80,68,55,71,62,65,66,71,68,43,87,43,66,48,48,42,62,75,59,73,69,59,54,56,50,49,61,71,48,59,79,52,51,71,50,72,53,53,42,60,66,60,59,63,57,49,62,72,80,54,66,50,63,66,63,61,66,70,54,74,84,40,46,48,42,45,53,69,57,59,70,43,31,54,41,65,57,60,61,72,68,47,73,48,35,65,63,67,55,72,54,38,83,52,77,47,72,72,63,54,57,77,77,65,57,67,42,65,41,49,61,52,55,47,49,66,57,75,37,57,45,53,65
